,Token,Index
0,,"[0, [1055, 1062, 1066, 1073, 1084, 1090, 1103, 1113, 1122, 1134, 1147, 1151, 1155, 1159, 1168, 1180, 1189, 1198, 1205, 1213, 1219, 1223, 1228, 1235]]"
1,(,"[1, [56, 64, 72, 92, 516, 616, 746, 785, 865, 877, 1844, 2498, 2963, 2970, 2977, 2984, 2991, 2999, 3018, 3024, 3030, 3038, 3046, 3078]]"
2,),"[2, [61, 69, 77, 97, 523, 625, 748, 787, 867, 879, 1848, 2501, 2967, 2974, 2981, 2988, 2995, 3002, 3021, 3027, 3033, 3041, 3060, 3090]]"
3,-,"[3, [655, 676, 794, 1390, 1394, 1399, 1402, 1406, 1415]]"
4,-تاکنون,"[4, [3001]]"
5,.,"[5, [165, 183, 210, 237, 262, 270, 312, 526, 653, 1443, 1477, 1522, 1594, 1653, 1726, 1773, 1796, 1815, 1865, 1893, 1906, 1929, 1961, 1986, 2022, 2055, 2070, 2081, 2102, 2240, 2280, 2308, 2319, 2339, 2361, 2385, 2424, 2487, 2524, 2561, 2603, 2627, 2669, 2703, 2808, 2862, 2897, 2922]]"
6,/,"[6, [135, 144]]"
7,:,"[7, [122, 555, 665, 2136, 3141, 3151, 3177]]"
8,;,"[8, [148]]"
9,[,"[9, [313]]"
10,],"[10, [315]]"
11,«,"[11, [1935, 3149]]"
12,°,"[12, [124, 130]]"
13,°شرق,"[13, [143]]"
14,°شمال,"[14, [139]]"
15,»,"[15, [1937]]"
16,،,"[16, [7, 161, 242, 288, 321, 331, 384, 386, 435, 484, 528, 606, 619, 621, 636, 639, 642, 1174, 1507, 1510, 1534, 1536, 1560, 1571, 1574, 1576, 1578, 1580, 1624, 1626, 1628, 1632, 1667, 1669, 1675, 1681, 1687, 1689, 1691, 1693, 1711, 1715, 1731, 1733, 1748, 1750, 1780, 1826, 1880, 1888, 2003, 2008, 2048, 2119, 2130, 2147, 2177, 2181, 2197, 2222, 2237, 2250, 2413, 2430, 2432, 2434, 2440, 2442, 2444, 2447, 2451, 2453, 2455, 2459, 2464, 2531, 2657, 2685, 2706, 2758, 2768, 2782, 2792, 2906, 2915, 3012, 3063, 3083]]"
17,؛,"[17, [249]]"
18,ابتدا,"[18, [1376, 1385]]"
19,ابراه,"[19, [51]]"
20,ابلاغ,"[20, [1763, 2651]]"
21,ابوالقاس,"[21, [3085]]"
22,اتم,"[22, [1027]]"
23,اتوبوس,"[23, [414, 2488, 2505, 2535]]"
24,اجتماع,"[24, [441, 1829, 2269, 2711, 2718, 2730, 2761, 2770, 2784]]"
25,اجرا,"[25, [1834, 2200]]"
26,احکا,"[26, [1688]]"
27,اد,"[27, [928]]"
28,ادار,"[28, [1533, 2184]]"
29,اداره,"[29, [2347]]"
30,ادب,"[30, [557, 670, 674, 677, 681, 685, 916, 920, 1244, 1251, 1255, 1579, 1609, 1613, 1647]]"
31,ادویه,"[31, [1100]]"
32,ارایٔه,"[32, [1502, 1561, 2109, 2120, 2848]]"
33,ارتباط,"[33, [2038, 2555]]"
34,ارتوپد,"[34, [2443]]"
35,اردو,"[35, [1665, 2170]]"
36,ارز,"[36, [2847]]"
37,ارزیاب,"[37, [1178]]"
38,ارشد,"[38, [86, 344, 641, 906]]"
39,از,"[39, [5, 110, 112, 231, 480, 503, 554, 849, 1143, 1527, 1656, 1753, 1766, 1803, 1837, 1920, 1957, 1999, 2061, 2090, 2103, 2153, 2169, 2190, 2262, 2379, 2510, 2546, 2616, 2644, 2696, 2802, 2857, 3111, 3148]]"
40,ازبررسی,"[40, [1867]]"
41,ازدواج,"[41, [1679, 2364, 2373]]"
42,اس,"[42, [59, 67, 75, 95, 162, 164, 192, 269, 274, 522, 551, 614, 652, 1437, 1463, 1476, 1498, 1593, 2101, 2279, 2318, 2338, 2423, 2470, 2560, 2602, 2612, 2702, 2727, 2757, 2807, 2878, 2896, 2921, 3007, 3154, 3169]]"
43,اساسنامه,"[43, [1745]]"
44,استاد,"[44, [239, 472, 1788, 2263, 2834, 2959]]"
45,استادن,"[45, [2414]]"
46,استفاده,"[46, [502, 2020, 2189, 2261, 2860]]"
47,اسلام,"[47, [2, 18, 23, 118, 154, 170, 191, 258, 273, 306, 423, 464, 538, 565, 613, 662, 764, 773, 778, 780, 934, 941, 946, 948, 952, 956, 1268, 1272, 1447, 1714, 2394, 2566, 2573, 2589, 2643, 2679, 2927, 2936, 2944, 3132, 3174]]"
48,اشاره,"[48, [1705, 2238]]"
49,اشتغال,"[49, [224]]"
50,اشتهارد,"[50, [3119]]"
51,اصل,"[51, [206]]"
52,اصلاح,"[52, [808, 1005, 1097, 1110, 1120, 1129, 1153, 1210, 1233]]"
53,اطلاع,"[53, [1492, 3181]]"
54,اع,"[54, [2168]]"
55,اعزا,"[55, [1662, 1670]]"
56,اعضا,"[56, [1996]]"
57,افزار,"[57, [797, 1409]]"
58,افزون,"[58, [1468]]"
59,اقتصاد,"[59, [814, 822, 829, 832, 1149]]"
60,اقدا,"[60, [2053, 2359, 2548]]"
61,اقشار,"[61, [2419]]"
62,البرز,"[62, [60, 68, 76, 96, 163, 180, 193, 275, 615, 3008, 3071, 3155, 3170]]"
63,الف,"[63, [105, 268]]"
64,المثن,"[64, [2225]]"
65,اله,"[65, [562, 761, 770, 925, 931, 938, 949, 1575, 1611]]"
66,الکترونیک,"[66, [1389, 1391, 1488]]"
67,اما,"[67, [783]]"
68,اماکن,"[68, [433, 2704]]"
69,امتیاز,"[69, [1861]]"
70,امر,"[70, [1805]]"
71,امن,"[71, [2209]]"
72,امور,"[72, [1532, 1657, 1768, 1838, 2183, 2381]]"
73,امک,"[73, [358, 453, 1418, 1616, 2586, 2742, 2859, 2898]]"
74,امکان‌پذیر,"[74, [1592]]"
75,امیرکبیر,"[75, [3082]]"
76,انتخاب,"[76, [1070, 1512]]"
77,انتشار,"[77, [1823, 1850, 1883]]"
78,انتقال,"[78, [2133, 2141]]"
79,انجا,"[79, [1544, 2013, 2079]]"
80,انجمن,"[80, [382, 1729, 1746, 1757, 1778, 1797, 1988, 2029]]"
81,انداز,"[81, [1552, 2593]]"
82,اندیشه,"[82, [782, 895]]"
83,انسان,"[83, [560]]"
84,انضباط,"[84, [2216]]"
85,انقلاب,"[85, [2947]]"
86,انگلیس,"[86, [372, 686, 689, 924, 1248, 1252, 1597, 1602, 1645]]"
87,انگل‌شناس,"[87, [861]]"
88,آخرین,"[88, [1434]]"
89,آر,"[89, [24]]"
90,آرام,"[90, [2211]]"
91,آزاد,"[91, [1, 9, 17, 22, 117, 153, 169, 190, 257, 272, 305, 422, 463, 537, 612, 661, 1446, 2393, 2565, 2572, 2588, 2608, 2624, 2642, 2678, 2926, 2935, 2943, 3131, 3173]]"
92,آزمایشگاه,"[92, [247, 363, 1378, 1422, 1430, 2431]]"
93,آسیب,"[93, [1007]]"
94,آشنا,"[94, [2581]]"
95,آغاز,"[95, [524]]"
96,آل,"[96, [759, 1043]]"
97,آلاچیق,"[97, [448, 2863, 2872]]"
98,آماده,"[98, [2275, 2408, 2748, 2916]]"
99,آمد,"[99, [2551]]"
100,آمف,"[100, [2721]]"
101,آموخته,"[101, [235]]"
102,آموز,"[102, [687, 697, 1382, 2182, 2647, 3066, 3073, 3110, 3152, 3156]]"
103,آموزش,"[103, [41, 99, 285, 325, 359, 532, 695, 1373, 1419, 1537, 1619, 2036, 2065, 2204]]"
104,آموزشکده,"[104, [519, 546, 1462, 2785, 3047, 3055, 3095]]"
105,آن,"[105, [1467, 1723, 1812, 1843, 1856, 1884, 1958, 1997, 2192, 2232, 2314, 2325, 2333]]"
106,آنالیز,"[106, [741, 751, 1024]]"
107,آکادمیک,"[107, [2957]]"
108,آینده,"[108, [2473]]"
109,اکبر,"[109, [52]]"
110,اکولوژیک,"[110, [1222]]"
111,ایجاد,"[111, [243, 2096, 2164, 2285, 2525, 2541]]"
112,ایر,"[112, [901, 3162]]"
113,ایران,"[113, [25]]"
114,این,"[114, [166, 232, 250, 1495, 1909, 1987, 2071, 2105, 2425, 2479, 2652, 2666, 2826, 2831, 2858, 2867]]"
115,اینترن,"[115, [1555, 1591]]"
116,اینترنت,"[116, [1563]]"
117,اینک,"[117, [518]]"
118,ب,"[118, [1531, 1908, 2695, 2940, 3004]]"
119,با,"[119, [276, 470, 486, 497, 1501, 1525, 1548, 1615, 1831, 2016, 2027, 2039, 2073, 2114, 2125, 2213, 2219, 2260, 2344, 2375, 2397, 2475, 2492, 2533, 2576, 2585, 2633, 2694, 2737, 2741, 2764, 2778, 2788, 2798, 2842, 2853]]"
120,باب,"[120, [1427, 2716]]"
121,باجه,"[121, [2526]]"
122,بازاریاب,"[122, [722, 825]]"
123,بازرگان,"[123, [1286]]"
124,بازپرداخ,"[124, [2313, 2324, 2332, 2376]]"
125,باشند,"[125, [1985]]"
126,باشگاه,"[126, [394, 1962, 1968, 2040, 2953, 2955]]"
127,باغ,"[127, [511]]"
128,باغبان,"[128, [843, 852, 1076, 1083, 1093, 1106, 1116, 1125, 1137, 1146, 1323]]"
129,بالا,"[129, [1976, 1981]]"
130,باهنر,"[130, [2763]]"
131,بخش,"[131, [219, 2428, 2435]]"
132,بدن,"[132, [573, 972, 979, 986, 993, 1000, 1011]]"
133,بدو,"[133, [1804]]"
134,بدون,"[134, [477]]"
135,بذر,"[135, [1089]]"
136,بر,"[136, [240, 255, 488, 1469, 1736, 2199]]"
137,برا,"[137, [26, 2099, 2226, 2287, 2883]]"
138,برخورد,"[138, [2218]]"
139,بردا,"[139, [850, 1144]]"
140,بردار,"[140, [1352]]"
141,بررس,"[141, [2131]]"
142,برق,"[142, [789, 1343]]"
143,برقرار,"[143, [2214]]"
144,برنامه,"[144, [2165]]"
145,برهان,"[145, [38]]"
146,برپا,"[146, [1700]]"
147,برگرفته,"[147, [3147]]"
148,برگزار,"[148, [1676, 1682, 1694, 1722, 2045, 2066, 2174, 2749]]"
149,برگه,"[149, [1511]]"
150,بزرگ,"[150, [1452, 2484, 2731]]"
151,بسکتبال,"[151, [2954]]"
152,بسیار,"[152, [2746, 2846, 2871, 2903]]"
153,بسیج,"[153, [1719]]"
154,بعد,"[154, [1919]]"
155,بعضا,"[155, [1799, 1807]]"
156,بلندمد,"[156, [2330]]"
157,بند,"[157, [1176]]"
158,بنیانگذار,"[158, [31]]"
159,بنیانگذارى,"[159, [2949]]"
160,به,"[160, [11, 14, 195, 222, 228, 430, 459, 805, 1433, 1439, 1541, 1588, 1633, 1641, 1664, 1672, 1740, 1822, 1882, 1885, 1911, 1930, 1950, 2044, 2108, 2117, 2143, 2160, 2185, 2206, 2229, 2244, 2247, 2277, 2283, 2297, 2302, 2346, 2355, 2367, 2391, 2411, 2482, 2494, 2507, 2544, 2558, 2631, 2640, 2654, 2661, 2676, 2890, 2919, 2931]]"
161,بهدا,"[161, [868, 1312, 2462, 3062]]"
162,بهره,"[162, [1060]]"
163,بهره‌بردار,"[163, [2726]]"
164,بهره‌گیر,"[164, [1526]]"
165,بهشت,"[165, [3052]]"
166,به‌طور,"[166, [199, 2405]]"
167,بودن,"[167, [278, 2399]]"
168,بوده,"[168, [1585]]"
169,بوفه,"[169, [446, 2812, 2821]]"
170,بیرون,"[170, [460, 2825, 2932]]"
171,بیمارس,"[171, [2483]]"
172,بیمارستان,"[172, [2478]]"
173,بیماری,"[173, [873]]"
174,بیمه,"[174, [2122]]"
175,بین,"[175, [295, 302]]"
176,بین‌الملل,"[176, [888, 891, 960]]"
177,بیوتکنولوژ,"[177, [1078, 1196]]"
178,بیولوژ,"[178, [1194]]"
179,بیومکانیک,"[179, [990]]"
180,تا,"[180, [2334, 2514]]"
181,تاسیس,"[181, [1398, 1401]]"
182,تأسیس,"[182, [491, 1813, 2636]]"
183,تاکسیران,"[183, [2538]]"
184,تبدیل,"[184, [2485]]"
185,تبرید,"[185, [1400]]"
186,تجزیه,"[186, [1037]]"
187,تجمع,"[187, [2881]]"
188,تجهیز,"[188, [1549, 1618]]"
189,تح,"[189, [2193]]"
190,تحصیل,"[190, [82, 196, 335, 500, 610, 631, 659, 2253, 2337, 2372]]"
191,تحقیق,"[191, [736, 1019, 3013]]"
192,تخصص,"[192, [248, 338, 635, 667, 2436]]"
193,تدوین,"[193, [1761]]"
194,تر,"[194, [2317]]"
195,ترب,"[195, [572, 971, 978, 985, 992, 999, 1010, 3080, 3102]]"
196,تربیت,"[196, [570, 1291]]"
197,تسهیل,"[197, [401, 2000, 2082, 2097, 2106, 2286]]"
198,تشکل,"[198, [1784]]"
199,تصویب,"[199, [1879]]"
200,تصویر,"[200, [2745]]"
201,تعداد,"[201, [1917, 2060, 2870]]"
202,تغذیه,"[202, [811, 1203]]"
203,تفریح,"[203, [2172]]"
204,تقاضا,"[204, [1849, 2137]]"
205,تلا,"[205, [471]]"
206,تلفن,"[206, [2527]]"
207,تلویزیون,"[207, [1625]]"
208,تن,"[208, [485]]"
209,تهر,"[209, [3023, 3160]]"
210,تهویه,"[210, [1403]]"
211,تهیه,"[211, [2854]]"
212,تو,"[212, [1517]]"
213,توانا,"[213, [2290]]"
214,توانسته,"[214, [289]]"
215,توجه,"[215, [2493]]"
216,تور,"[216, [419, 2562, 2569, 2605, 2610, 2621]]"
217,توسط,"[217, [1800, 1808]]"
218,توسعه,"[218, [819]]"
219,توقیف,"[219, [1923]]"
220,تولید,"[220, [846, 874, 970, 1332]]"
221,توپولوژ,"[221, [747]]"
222,تکمیل,"[222, [83, 1853, 2356, 2662]]"
223,تکنولوژ,"[223, [1088]]"
224,تکوین,"[224, [1054]]"
225,تکیه,"[225, [487]]"
226,تیٔا,"[226, [2722]]"
227,ثاب,"[227, [48]]"
228,جابجا,"[228, [2503, 2521]]"
229,جاسب,"[229, [2736, 2962]]"
230,جامد,"[230, [1031]]"
231,جامع,"[231, [104, 267, 3035]]"
232,جانب,"[232, [481]]"
233,جانور,"[233, [1049]]"
234,جبر,"[234, [754]]"
235,جذب,"[235, [2157]]"
236,جر,"[236, [885, 966]]"
237,جراح,"[237, [863, 2445]]"
238,جزا,"[238, [964]]"
239,جزو,"[239, [253]]"
240,جستجو,"[240, [15]]"
241,جشن,"[241, [1678]]"
242,جعبه,"[242, [3180]]"
243,جلد,"[243, [1471]]"
244,جمله,"[244, [2104]]"
245,جنگل,"[245, [451, 2866, 2876]]"
246,جه,"[246, [2502, 2540, 2550, 2580]]"
247,جهان,"[247, [27, 1590]]"
248,جو,"[248, [396, 1964, 1970, 2042]]"
249,حاصلخیز,"[249, [1166]]"
250,حاضر,"[250, [1776, 1896, 2672, 2714, 2815]]"
251,حال,"[251, [1030, 1650, 1775, 1793, 1895, 2520, 2671, 2700, 2713, 2814]]"
252,حامد,"[252, [47]]"
253,حج,"[253, [1673]]"
254,حدود,"[254, [184]]"
255,حدیث,"[255, [769, 1263]]"
256,حرفه,"[256, [341, 549, 638, 903, 3045, 3050, 3058, 3108]]"
257,حرک,"[257, [1004]]"
258,حرکت,"[258, [998]]"
259,حسابدار,"[259, [580, 699, 1287, 1388]]"
260,حسن,"[260, [37, 42]]"
261,حضور,"[261, [208, 238]]"
262,حفاظ,"[262, [1187, 1231]]"
263,حفظ,"[263, [2208]]"
264,حقوق,"[264, [582, 880, 882, 887, 945, 963, 1267, 1294, 1934, 1945]]"
265,حق‌التدریس,"[265, [506]]"
266,حلقه,"[266, [1630]]"
267,حمید,"[267, [2975]]"
268,حوادث,"[268, [2123]]"
269,حواش,"[269, [1948]]"
270,حوزه,"[270, [1990, 2075, 2084, 2294]]"
271,حک,"[271, [3084]]"
272,حکم,"[272, [955]]"
273,حین,"[273, [2371]]"
274,خاط,"[274, [2221]]"
275,خاک,"[275, [839, 1162, 1167, 1171, 1179, 1183, 1188, 1192, 1197, 1327]]"
276,خد,"[276, [1562, 2121, 2348]]"
277,خصوص,"[277, [881]]"
278,خط,"[278, [2542]]"
279,خمیر,"[279, [858]]"
280,خمین,"[280, [784]]"
281,خوارزم,"[281, [3017]]"
282,خواهد_شد,"[282, [2486]]"
283,خواهر,"[283, [521]]"
284,خواهند_بود,"[284, [1892]]"
285,خوب,"[285, [2844]]"
286,خود,"[286, [475, 495, 1801]]"
287,خودرو,"[287, [1237]]"
288,خیابان,"[288, [113]]"
289,دا,"[289, [810, 812, 876, 1204, 1212, 1946, 1952, 2142]]"
290,داخل,"[290, [416, 2176, 2456, 2490, 2517, 2529]]"
291,داده‌اس,"[291, [261]]"
292,دارا,"[292, [265, 277, 541, 626, 1425, 1448, 1974, 2398, 2869, 3179]]"
293,دارد,"[293, [182]]"
294,دارند,"[294, [209, 225, 1725, 2293]]"
295,دارو,"[295, [1099]]"
296,داروخانه,"[296, [2469]]"
297,دام,"[297, [1201, 1208, 1216, 1330]]"
298,دامنه,"[298, [177]]"
299,دامپزشک,"[299, [591, 862, 864, 904, 1379, 1577, 2797]]"
300,دان,"[300, [234]]"
301,دانشجو,"[301, [50, 70, 187, 203, 230, 281, 390, 406, 409, 490, 509, 1440, 1500, 1509, 1539, 1642, 1663, 1671, 1680, 1720, 1735, 1769, 1786, 1809, 1817, 1820, 1839, 1900, 2025, 2030, 2057, 2086, 2100, 2118, 2124, 2134, 2152, 2158, 2186, 2196, 2220, 2243, 2254, 2257, 2278, 2282, 2296, 2301, 2303, 2340, 2349, 2365, 2382, 2412, 2504, 2522, 2559, 2582, 2836, 2851, 2882, 2920, 2969]]"
302,دانشجویان,"[302, [1965, 2227, 2288, 2368]]"
303,دانشنامه,"[303, [8]]"
304,دانشکده,"[304, [320, 527, 543, 1460, 1566, 1608, 1770, 1840, 1944, 2033, 2350, 2773, 2796]]"
305,دانشگاه,"[305, [0, 16, 21, 116, 152, 157, 168, 189, 207, 221, 251, 256, 271, 296, 304, 421, 431, 462, 536, 611, 660, 1445, 1455, 1540, 1559, 1802, 1836, 1874, 2019, 2078, 2093, 2146, 2205, 2274, 2392, 2417, 2497, 2506, 2545, 2549, 2564, 2571, 2587, 2599, 2607, 2623, 2632, 2641, 2656, 2677, 2806, 2828, 2868, 2905, 2925, 2934, 2942, 3006, 3016, 3022, 3028, 3034, 3042, 3068, 3076, 3098, 3114, 3144, 3161, 3163, 3172]]"
306,دانش‌آموختگ,"[306, [90, 2958]]"
307,دانش‌آموز,"[307, [2698]]"
308,داوطلب,"[308, [2187]]"
309,دایر,"[309, [1584, 2664]]"
310,دبس,"[310, [2684]]"
311,دبیرس,"[311, [2688]]"
312,دخ,"[312, [3059]]"
313,دخترانه,"[313, [2691]]"
314,در,"[314, [57, 65, 73, 93, 159, 171, 176, 188, 204, 218, 290, 294, 301, 467, 510, 512, 632, 713, 1020, 1453, 1459, 1494, 1558, 1564, 1607, 1649, 1721, 1774, 1789, 1792, 1871, 1877, 1894, 1901, 1943, 1967, 1989, 2005, 2032, 2059, 2094, 2150, 2271, 2315, 2351, 2370, 2472, 2516, 2519, 2528, 2597, 2670, 2681, 2699, 2712, 2723, 2813, 2822, 2892, 3064, 3153, 3159, 3168, 3183]]"
315,درخ,"[315, [1111]]"
316,درخواس,"[316, [1869]]"
317,درخواست,"[317, [2132]]"
318,درعمل,"[318, [737]]"
319,درمانگاه,"[319, [411, 2272, 2386, 2388, 2426, 2480]]"
320,درورز,"[320, [725]]"
321,درون,"[321, [2823]]"
322,دریاف,"[322, [1771, 1832]]"
323,دسترس,"[323, [1587]]"
324,دستورالعمل,"[324, [1833]]"
325,دستگاه,"[325, [1529, 1622, 1638, 3094]]"
326,دستیار,"[326, [866, 878]]"
327,دف,"[327, [1712]]"
328,دلایل,"[328, [2230]]"
329,دنبال,"[329, [1951]]"
330,دندانپزشک,"[330, [2452]]"
331,ده,"[331, [2410, 2918]]"
332,دور,"[332, [3113]]"
333,دوره,"[333, [2336]]"
334,دولت,"[334, [483, 1276, 3009]]"
335,دک,"[335, [2735]]"
336,دکتر,"[336, [337, 340, 634, 666, 902]]"
337,دکترا,"[337, [88, 637]]"
338,دیگر,"[338, [1926, 2547, 2803, 3091]]"
339,را,"[339, [252, 309, 496, 1765, 1852, 1862, 2841]]"
340,ران,"[340, [2536]]"
341,راه,"[341, [514, 1551, 2154, 2592, 3112]]"
342,راهبرد,"[342, [712]]"
343,راهنما,"[343, [2686]]"
344,رایانه,"[344, [368, 1524, 1530, 1543, 1557, 1627]]"
345,رایگ,"[345, [415, 2489, 2509]]"
346,رتبه,"[346, [266, 298, 307, 1975]]"
347,رتبه‌بند,"[347, [292]]"
348,رده,"[348, [1175, 3150, 3175]]"
349,رسا,"[349, [3146]]"
350,رسان,"[350, [1493]]"
351,رسانه,"[351, [724]]"
352,رسیدگ,"[352, [2246]]"
353,رشته,"[353, [330, 499, 605, 628, 654, 1643]]"
354,رفاه,"[354, [402, 438, 2083, 2098, 2709]]"
355,رفتار,"[355, [997]]"
356,ره,"[356, [786]]"
357,رهبر,"[357, [1710, 2990]]"
358,رهیار,"[358, [1936]]"
359,روابط,"[359, [890, 959, 1716]]"
360,روانشناس,"[360, [567, 690, 692, 957, 1015, 1288, 2266]]"
361,روباز,"[361, [2914]]"
362,روح,"[362, [2251]]"
363,روز,"[363, [2407]]"
364,روزانه,"[364, [201]]"
365,روزه,"[365, [2838]]"
366,رؤسا,"[366, [2960]]"
367,رویداد,"[367, [716]]"
368,ریاض,"[368, [733, 738, 743, 749, 752, 1017, 1022, 1297]]"
369,ریال,"[369, [2129]]"
370,ریخته‌گر,"[370, [1407]]"
371,ریٔیس,"[371, [35]]"
372,زا,"[372, [2439]]"
373,زب,"[373, [371, 668, 672, 679, 683, 688, 914, 918, 922, 1240, 1242, 1247, 1249, 1253, 1258, 1596, 1601, 1644]]"
374,زراع,"[374, [802, 1157]]"
375,زمین,"[375, [1303, 2900]]"
376,زمینه,"[376, [2095]]"
377,زن,"[377, [2437]]"
378,زیاد,"[378, [1942, 1949]]"
379,زیارت,"[379, [1668]]"
380,زیر,"[380, [2619]]"
381,زیس,"[381, [836, 1044, 1051, 3100]]"
382,زیست‌شناس,"[382, [1047]]"
383,زینت,"[383, [1133]]"
384,سا,"[384, [367, 1523, 1554, 2598, 2924, 2933]]"
385,ساخ,"[385, [913, 1393, 1397, 2476]]"
386,ساختمان,"[386, [3165]]"
387,ساز,"[387, [1759, 2534, 2611, 2951]]"
388,سازمان,"[388, [714]]"
389,سازه,"[389, [855, 1416, 3167]]"
390,ساع,"[390, [2511]]"
391,سال,"[391, [468, 2895]]"
392,سالن,"[392, [440, 443, 2710, 2717, 2729, 2760, 2769, 2783, 2793, 2804, 2809, 2817]]"
393,ساله,"[393, [2378]]"
394,ساله‌اس,"[394, [2327]]"
395,سایت,"[395, [1565]]"
396,سایر,"[396, [2144]]"
397,سایماگو,"[397, [293]]"
398,سبزی,"[398, [1121]]"
399,سخنرانی,"[399, [2046, 2062]]"
400,سر,"[400, [1939]]"
401,سرویس,"[401, [1441, 2409, 2917]]"
402,سرویس‌ده,"[402, [1651, 2276]]"
403,سرپوشیده,"[403, [2910]]"
404,سریع,"[404, [2556]]"
405,سطح,"[405, [2151]]"
406,سلام,"[406, [693]]"
407,سلول,"[407, [1052]]"
408,سلولز,"[408, [1341]]"
409,سما,"[409, [428, 520, 550, 620, 2629, 2674, 2787, 2952, 3140]]"
410,سمینار,"[410, [398, 2006, 2023, 2049, 2072]]"
411,سه,"[411, [513, 2298, 2682]]"
412,سو,"[412, [308, 1754]]"
413,سیاحت,"[413, [1666]]"
414,سیاس,"[414, [585, 817, 893, 896, 898, 962, 1293, 1573, 1785]]"
415,سید,"[415, [46]]"
416,سیدالشهدا,"[416, [412, 2273, 2387, 2389]]"
417,سیس,"[417, [1058]]"
418,سیستم,"[418, [795]]"
419,شامل,"[419, [1620, 2135, 2427]]"
420,شبانه,"[420, [2406]]"
421,شبکه,"[421, [1589]]"
422,شخص,"[422, [958, 2249]]"
423,شد,"[423, [492, 1960, 2553]]"
424,شدن,"[424, [28, 2139]]"
425,شدند,"[425, [1924]]"
426,شده_باشد,"[426, [2236]]"
427,شده‌اس,"[427, [1764]]"
428,شده‌اند,"[428, [236]]"
429,شرایط,"[429, [2305, 2342]]"
430,شرق,"[430, [173]]"
431,شروع,"[431, [2660]]"
432,شرک,"[432, [2004, 2068, 2609]]"
433,شما,"[433, [2614]]"
434,شماره,"[434, [1846, 1956]]"
435,شمال,"[435, [172]]"
436,شناس,"[436, [886, 967, 1008, 1045, 1241, 1304]]"
437,شناسا,"[437, [1068, 2155]]"
438,شهر,"[438, [33, 107]]"
439,شهرساز,"[439, [1356]]"
440,شهریه,"[440, [489, 2002]]"
441,شهید,"[441, [2762, 2771, 2794, 3051]]"
442,شورا,"[442, [1872, 2945]]"
443,شوند,"[443, [43, 1521, 1972]]"
444,شوید,"[444, [2626]]"
445,شیم,"[445, [756, 758, 1032, 1033, 1035, 1036, 1038, 1039, 1041, 1042, 1164, 1305, 1345]]"
446,صاحب,"[446, [1860]]"
447,صبح,"[447, [2513]]"
448,صد,"[448, [1629]]"
449,صدا,"[449, [1941]]"
450,صدور,"[450, [2223, 2634]]"
451,صنایع,"[451, [857, 1056, 1226, 1318, 1337, 1358, 1411]]"
452,صنعت,"[452, [701, 969, 1282]]"
453,صوت,"[453, [2743]]"
454,صور,"[454, [1542, 1878, 1886, 1912, 2508]]"
455,ط,"[455, [1855]]"
456,طالق,"[456, [3121, 3139]]"
457,طبیع,"[457, [596, 834, 1225, 1230, 1570, 2777]]"
458,طراح,"[458, [1064]]"
459,طرح,"[459, [1875, 2014]]"
460,طرف,"[460, [2645]]"
461,طریق,"[461, [2299, 2380, 2617]]"
462,طهرانچ,"[462, [2998]]"
463,طول,"[463, [2316]]"
464,عال,"[464, [698, 2786, 2946]]"
465,عبارتند,"[465, [553]]"
466,عبدالله,"[466, [2961]]"
467,عتر,"[467, [1686, 3088]]"
468,عدد,"[468, [742, 1025]]"
469,عرب,"[469, [374, 682, 921, 1256, 1259, 1599, 1604, 1614, 1648]]"
470,عرف,"[470, [779, 930, 947]]"
471,عرفان,"[471, [678]]"
472,عروق,"[472, [2450]]"
473,عصب,"[473, [731]]"
474,عضلان,"[474, [732]]"
475,عضو,"[475, [212, 1519, 1971]]"
476,عطر,"[476, [1102]]"
477,عظیمیه,"[477, [515]]"
478,علاقه‌مند,"[478, [1739, 1821, 2159]]"
479,علم,"[479, [54, 214, 383, 399, 1730, 1737, 1747, 1758, 1779, 1798, 1825, 2007, 2024, 2047, 3036]]"
480,علو,"[480, [559, 569, 575, 584, 598, 766, 840, 892, 897, 935, 961, 974, 981, 988, 995, 1002, 1013, 1048, 1075, 1086, 1092, 1105, 1115, 1124, 1136, 1161, 1170, 1182, 1191, 1200, 1207, 1215, 1260, 1273, 1290, 1292, 1295, 1315, 1320, 1324, 1329, 1377, 1572, 1583, 3011, 3069]]"
481,علی‌محمد,"[481, [2982]]"
482,عمر,"[482, [908, 1360]]"
483,عمره,"[483, [1674]]"
484,عمل,"[484, [1021]]"
485,عموم,"[485, [691, 889, 1392, 1396, 1717, 2202, 2404, 2429, 2446]]"
486,عنو,"[486, [1480, 1931, 2194]]"
487,عکس,"[487, [1505]]"
488,غدد,"[488, [2458]]"
489,غذا,"[489, [1314, 1319, 2110, 2839]]"
490,غذاخور,"[490, [444, 2810, 2818]]"
491,غیرانتفاع,"[491, [2638, 3143]]"
492,غیردولت,"[492, [158, 3130]]"
493,ف,"[493, [2855]]"
494,فارس,"[494, [671, 675, 917, 1245, 1473, 1482]]"
495,فر,"[495, [39, 1845]]"
496,فرآورده,"[496, [853, 1340]]"
497,فردوس,"[497, [3086]]"
498,فرم,"[498, [2357]]"
499,فرهاد,"[499, [2968, 2989]]"
500,فرهنگ,"[500, [385, 434, 1713, 1732, 1749, 1781, 1827, 1873, 2705, 2754, 2948, 3077]]"
501,فصلنامه,"[501, [1891]]"
502,فضا,"[502, [98, 283]]"
503,فعال,"[503, [1794, 1993, 2091, 2701]]"
504,فعالیت,"[504, [376, 379, 1654, 1727, 2161]]"
505,فقط,"[505, [1954]]"
506,فقه,"[506, [942, 1264]]"
507,فلسفه,"[507, [775, 953, 1269]]"
508,فن,"[508, [547, 600, 1581, 3043, 3048, 3056, 3106]]"
509,فناور,"[509, [1141, 3015]]"
510,فهمیده,"[510, [2772]]"
511,فوتبال,"[511, [2901]]"
512,فوتسال,"[512, [2956]]"
513,فوق‌برنامه,"[513, [377, 1655, 1658]]"
514,فیزیوتراپ,"[514, [2433]]"
515,فیزیولوژ,"[515, [726, 729, 845, 976, 1095, 1108, 1118, 1127, 1139, 1218]]"
516,فیزیک,"[516, [760, 1026, 1029, 1185, 1300, 1301]]"
517,فیل,"[517, [1631]]"
518,قابل,"[518, [2600, 2725]]"
519,قدر,"[519, [791]]"
520,قر,"[520, [936]]"
521,قرار,"[521, [181, 260]]"
522,قرآن,"[522, [767, 1261, 1684]]"
523,قضا,"[523, [1296]]"
524,قطعه,"[524, [1504]]"
525,قلب,"[525, [2448]]"
526,قیم,"[526, [2115]]"
527,لابراتوار,"[527, [370, 1595, 1600]]"
528,لاتین,"[528, [1475, 1484]]"
529,لاز,"[529, [1868, 2212]]"
530,لینک,"[530, [2618]]"
531,م,"[531, [2321]]"
532,مادر,"[532, [2463]]"
533,مال,"[533, [479, 703, 704, 707, 1284, 2018, 2291]]"
534,ماما,"[534, [589, 871, 1309, 2460]]"
535,ماه,"[535, [2893]]"
536,ماهد,"[536, [3127]]"
537,ماهنامه,"[537, [1889]]"
538,مبان,"[538, [944, 1266]]"
539,مبلغ,"[539, [1515, 2127]]"
540,متالورژ,"[540, [799, 1366]]"
541,متالوژ,"[541, [1405]]"
542,متخصص,"[542, [2402]]"
543,مترجم,"[543, [1246, 1257]]"
544,مترو,"[544, [2543]]"
545,متنوع,"[545, [2113]]"
546,مثل,"[546, [875]]"
547,مجاز,"[547, [420, 1881, 2563, 2570, 2606, 2622]]"
548,مجتمع,"[548, [205, 417, 1454, 2491, 2496, 2518, 2530, 2827]]"
549,مجر,"[549, [2604]]"
550,مجلل,"[550, [2732]]"
551,مجله,"[551, [1481]]"
552,مجموع,"[552, [1465]]"
553,مجموعه,"[553, [2908, 2912]]"
554,مجهز,"[554, [1432, 2481, 2734, 2805]]"
555,مجوز,"[555, [2635, 2653]]"
556,محتو,"[556, [316]]"
557,محصول,"[557, [826, 1082, 1145]]"
558,محل,"[558, [2880]]"
559,محمد,"[559, [36, 2996]]"
560,محیط,"[560, [3099]]"
561,مختص,"[561, [121, 3182]]"
562,مختلف,"[562, [220, 2420, 2753]]"
563,مخدو,"[563, [2233]]"
564,مخصوص,"[564, [2833]]"
565,مد,"[565, [2311, 2322]]"
566,مدارس,"[566, [427, 2628, 2637, 2667, 2673]]"
567,مددکار,"[567, [2268]]"
568,مدرس,"[568, [505]]"
569,مدیر,"[569, [578, 694, 696, 700, 708, 711, 718, 721, 837, 912, 968, 983, 1057, 1275, 1277, 1281, 1283, 1285, 1857]]"
570,مذهب,"[570, [1698]]"
571,مراجعه,"[571, [2345]]"
572,مراس,"[572, [1677, 1695, 2752]]"
573,مراکز,"[573, [244, 322, 529]]"
574,مرب,"[574, [3103]]"
575,مربوطه,"[575, [2358]]"
576,مرد,"[576, [2421]]"
577,مرکز,"[577, [404, 1451, 1640, 1756, 1760, 2241, 2255, 2466, 3079, 3101]]"
578,مسابق,"[578, [1683, 2175]]"
579,مسایٔل,"[579, [900]]"
580,مستقل,"[580, [326, 533]]"
581,مسجد,"[581, [115]]"
582,مسیٔول,"[582, [1767, 1858]]"
583,مشاهده,"[583, [2601]]"
584,مشاوره,"[584, [405, 1289, 2242, 2256, 2467]]"
585,مشخص,"[585, [29]]"
586,مشغول,"[586, [194]]"
587,مشکل,"[587, [2248]]"
588,مصوب,"[588, [1899]]"
589,مطالعه,"[589, [1842]]"
590,مطبوع,"[590, [1404]]"
591,مطهر,"[591, [2795]]"
592,معارف,"[592, [564, 763, 772, 927, 933, 940, 951]]"
593,معاون,"[593, [40, 44, 49, 1991, 2076, 2085, 2295]]"
594,معتبر,"[594, [1984]]"
595,معدن,"[595, [1040]]"
596,معرف,"[596, [1863]]"
597,معل,"[597, [3081]]"
598,معمار,"[598, [801, 1354]]"
599,مفقود,"[599, [2235]]"
600,مقاطع,"[600, [334, 609, 633, 658]]"
601,مقال,"[601, [3178]]"
602,مقاله,"[602, [1983]]"
603,مقرر,"[603, [2201, 2353]]"
604,مقطع,"[604, [2683]]"
605,مل,"[605, [1696]]"
606,منابع,"[606, [456, 595, 833, 838, 1224, 1229, 1569, 2776, 2923]]"
607,مناسب,"[607, [284, 2116, 2904]]"
608,منتشر,"[608, [1904]]"
609,منطقه,"[609, [106, 2050, 2178]]"
610,منظ,"[610, [1913]]"
611,منظور,"[611, [2207, 2245, 2284]]"
612,مهد,"[612, [2997]]"
613,مهندس,"[613, [602, 706, 788, 792, 798, 813, 821, 828, 842, 907, 910, 1072, 1302, 1317, 1322, 1326, 1328, 1331, 1336, 1342, 1344, 1346, 1348, 1350, 1353, 1355, 1357, 1359, 1361, 1363, 1367, 1369]]"
614,مواد,"[614, [1067, 1071, 1313, 1364]]"
615,موجود,"[615, [1436, 1497, 2031]]"
616,موعد,"[616, [2352]]"
617,موقع,"[617, [2578]]"
618,مولکول,"[618, [1081]]"
619,مکاترونیک,"[619, [604]]"
620,مکان,"[620, [2579]]"
621,مکانیک,"[621, [1063, 1236, 1362]]"
622,میانگین,"[622, [200, 1979]]"
623,میرزاده,"[623, [2976]]"
624,میه,"[624, [2138]]"
625,میوه,"[625, [1112]]"
626,میکروبیولوژ,"[626, [755, 1046, 1307]]"
627,می‌باشند,"[627, [197, 1652, 1795]]"
628,می‌تو,"[628, [1661, 2107]]"
629,می‌توانند,"[629, [1518, 1744, 1830, 1966, 1998, 2026, 2058, 2343, 2852]]"
630,می‌توانید,"[630, [2615]]"
631,می‌دهد,"[631, [1442]]"
632,می‌دهند,"[632, [2849]]"
633,می‌شود,"[633, [1545, 1814, 1905, 2384]]"
634,می‌شوند,"[634, [1915]]"
635,می‌نماید,"[635, [2307]]"
636,می‌نمایند,"[636, [2067]]"
637,می‌پذیرد,"[637, [2080]]"
638,می‌کند,"[638, [1994]]"
639,می‌کنند,"[639, [2374]]"
640,ن,"[640, [2939, 3003]]"
641,ناوبر,"[641, [12]]"
642,ناپیوسته,"[642, [350, 353, 646, 651, 1372, 1381]]"
643,نبا,"[643, [1154]]"
644,نر,"[644, [796, 1408]]"
645,نزدیک,"[645, [227, 2474]]"
646,نسب,"[646, [2043, 2354]]"
647,نشدند,"[647, [1928]]"
648,نشر,"[648, [389, 1816, 1824, 1835]]"
649,نشریه,"[649, [1851, 1870, 1898, 1910, 1933]]"
650,نظا,"[650, [291]]"
651,نظار,"[651, [2198]]"
652,نظرآباد,"[652, [622, 3125, 3135]]"
653,نف,"[653, [1349]]"
654,نفر,"[654, [2740, 2767, 2781, 2791, 2801]]"
655,نقشه,"[655, [1351]]"
656,نما,"[656, [109]]"
657,نمایشگاه,"[657, [1701]]"
658,نمایند,"[658, [1772, 1864, 2021, 2054, 2360, 2861]]"
659,نمایندگ,"[659, [1709]]"
660,نمره,"[660, [1980]]"
661,نمود,"[661, [1706, 2668]]"
662,نمودن,"[662, [2665]]"
663,نمونه,"[663, [1932]]"
664,نهاد,"[664, [482, 1708]]"
665,نهج‌البلاغه,"[665, [1690]]"
666,نور,"[666, [2983, 3116]]"
667,نوع,"[667, [102]]"
668,نژاد,"[668, [806, 809, 1211]]"
669,نیز,"[669, [2366]]"
670,ه,"[670, [1918]]"
671,هزار,"[671, [186, 280]]"
672,هزینه,"[672, [2010]]"
673,هستند,"[673, [2523]]"
674,هشتگرد,"[674, [624, 3129, 3137]]"
675,هفته‌نامه,"[675, [1887]]"
676,هفتگ,"[676, [2856]]"
677,هماهنگ,"[677, [2028, 2074, 2532]]"
678,همایش,"[678, [2750]]"
679,همراه,"[679, [1634]]"
680,همه,"[680, [2837]]"
681,همه‌روزه,"[681, [2270]]"
682,همچنین,"[682, [1478, 1547, 2056, 2362, 2418, 2465, 2759]]"
683,همکار,"[683, [1724]]"
684,هم‌اکنون,"[684, [2596]]"
685,هندسه,"[685, [745]]"
686,هنر,"[686, [387, 1702, 1734, 1751, 3029, 3145]]"
687,هنرمند,"[687, [1743]]"
688,هکتار,"[688, [101, 2500]]"
689,هیی,"[689, [53, 213]]"
690,و,"[690, [114, 175, 215, 226, 246, 282, 286, 300, 323, 333, 362, 373, 437, 445, 449, 473, 476, 493, 501, 507, 530, 544, 548, 558, 563, 568, 574, 579, 583, 588, 594, 601, 608, 623, 629, 645, 647, 650, 657, 669, 673, 680, 684, 715, 723, 762, 768, 771, 776, 781, 804, 818, 841, 847, 859, 872, 884, 911, 915, 919, 926, 929, 932, 939, 943, 950, 954, 965, 973, 980, 987, 994, 1001, 1006, 1012, 1053, 1059, 1069, 1079, 1087, 1096, 1101, 1109, 1119, 1128, 1131, 1140, 1165, 1177, 1186, 1195, 1232, 1243, 1250, 1254, 1262, 1265, 1270, 1279, 1298, 1316, 1321, 1325, 1333, 1339, 1365, 1374, 1383, 1413, 1421, 1429, 1456, 1461, 1464, 1474, 1483, 1485, 1489, 1514, 1538, 1546, 1550, 1556, 1568, 1582, 1586, 1598, 1603, 1610, 1612, 1617, 1637, 1646, 1685, 1697, 1699, 1703, 1718, 1738, 1762, 1782, 1787, 1806, 1810, 1828, 1841, 1854, 1859, 1876, 1916, 1940, 1947, 1995, 2012, 2051, 2112, 2156, 2163, 2173, 2179, 2188, 2203, 2210, 2217, 2252, 2264, 2267, 2328, 2403, 2415, 2438, 2449, 2457, 2461, 2468, 2537, 2552, 2554, 2557, 2583, 2595, 2648, 2650, 2663, 2687, 2689, 2692, 2708, 2719, 2733, 2744, 2751, 2755, 2775, 2811, 2819, 2824, 2829, 2835, 2845, 2864, 2873, 2885, 2887, 2911, 2941, 3005, 3014, 3044, 3049, 3054, 3057, 3065, 3074, 3087, 3093, 3104, 3107, 3157, 3166]]"
691,وا,"[691, [408, 2281, 2300, 2309, 2320, 2329, 2363]]"
692,وابسته,"[692, [429, 2390, 2630, 2639, 2675]]"
693,واجد,"[693, [2304, 2341]]"
694,واحد,"[694, [3, 19, 30, 103, 119, 155, 167, 233, 254, 263, 303, 327, 391, 424, 465, 534, 539, 617, 663, 1423, 1513, 1605, 1659, 1790, 1818, 1902, 2087, 2092, 2145, 2258, 2395, 2567, 2574, 2590, 2655, 2658, 2724, 2832, 2928, 2937, 2950, 3039, 3171]]"
695,واحدکرج,"[695, [2680]]"
696,وادب,"[696, [923]]"
697,وارد,"[697, [2620]]"
698,واریز,"[698, [2126]]"
699,واو,"[699, [3089]]"
700,وبیماری,"[700, [869]]"
701,وب‌گاه,"[701, [108]]"
702,وحدیث,"[702, [937]]"
703,ور,"[703, [1061]]"
704,ورز,"[704, [1370, 2149]]"
705,ورزش,"[705, [436, 454, 576, 709, 717, 719, 727, 730, 975, 977, 982, 984, 989, 991, 996, 1003, 1009, 1014, 1016, 1274, 2162, 2167, 2171, 2707, 2899, 2909, 2913]]"
706,وزار,"[706, [2646, 3010, 3061, 3072]]"
707,وزارتخانه,"[707, [3092]]"
708,وسایل,"[708, [1435]]"
709,وسع,"[709, [2495]]"
710,وق,"[710, [2888]]"
711,ومحیط,"[711, [835]]"
712,ومواد,"[712, [800]]"
713,ومولکول,"[713, [1028]]"
714,ویدیٔو,"[714, [1623]]"
715,ویژه,"[715, [2891]]"
716,ویکی‌داده,"[716, [3184]]"
717,ویکی‌پدیا,"[717, [6]]"
718,٫,"[718, [137, 141, 146, 150]]"
719,پا,"[719, [2335]]"
720,پارک,"[720, [450, 2865, 2875]]"
721,پایان‌نامه,"[721, [2011]]"
722,پایه,"[722, [179]]"
723,پر,"[723, [10, 13]]"
724,پرداخ,"[724, [2306, 2383]]"
725,پردیس,"[725, [3019, 3025, 3031]]"
726,پرستار,"[726, [587, 1308]]"
727,پرندگ,"[727, [870]]"
728,پرور,"[728, [1375, 1384, 2649, 3075, 3158]]"
729,پروژه,"[729, [2477]]"
730,پزشک,"[730, [1311, 2401, 3067, 3070]]"
731,پس,"[731, [848, 1142, 1866]]"
732,پسر,"[732, [3053]]"
733,پسرانه,"[733, [2693]]"
734,پلیمر,"[734, [1347]]"
735,پنه,"[735, [3176]]"
736,پوس,"[736, [2454]]"
737,پژوه,"[737, [1741]]"
738,پژوهش,"[738, [45, 245, 287, 380, 1535, 1728, 1992, 2015, 2077, 2756, 3105]]"
739,پژوهشگر,"[739, [395, 1963, 1969, 2041]]"
740,پیا,"[740, [3115]]"
741,پیدا,"[741, [1173]]"
742,پیشرفته,"[742, [1431, 2747]]"
743,پیشینه,"[743, [318, 461]]"
744,پیش‌دانشگاه,"[744, [2690]]"
745,پیوسته,"[745, [347, 356, 644, 649, 1239, 1387]]"
746,پیوند,"[746, [458, 2930]]"
747,پیگیری,"[747, [1811]]"
748,چاپ,"[748, [1914, 1921, 1927, 1959]]"
749,چمن,"[749, [2902]]"
750,چند,"[750, [854]]"
751,چندین,"[751, [1621, 1635]]"
752,چوب,"[752, [856, 1227, 1234, 1338, 1412, 1417]]"
753,ژنتیک,"[753, [803, 1080, 1334]]"
754,کابین,"[754, [1636]]"
755,کار,"[755, [223, 494, 1280, 1395, 1508, 2195, 2224, 2231]]"
756,کارا,"[756, [2191]]"
757,کاربر,"[757, [2584]]"
758,کاربرد,"[758, [734, 739, 1018, 1023, 1034, 1065, 1299, 1306, 3037]]"
759,کاردان,"[759, [78, 352, 355, 648, 1380, 1386]]"
760,کارشناس,"[760, [80, 85, 343, 346, 349, 640, 643, 905, 1238, 1371, 2265]]"
761,کارمند,"[761, [62, 217]]"
762,کارکن,"[762, [474, 2416]]"
763,کارگاه,"[763, [361, 1420, 1428]]"
764,کاغذ,"[764, [860, 1414]]"
765,کامپیو,"[765, [793, 1368, 1410]]"
766,کاه,"[766, [2001]]"
767,کتاب,"[767, [1466, 1472, 1487]]"
768,کتابخانه,"[768, [365, 1444, 1450, 1458, 1496, 1520]]"
769,کتابخوان,"[769, [1692]]"
770,کرج,"[770, [4, 20, 34, 120, 156, 160, 264, 328, 392, 425, 466, 535, 540, 618, 664, 1424, 1606, 1660, 1791, 1819, 1903, 2088, 2259, 2396, 2422, 2539, 2568, 2575, 2591, 2625, 2659, 2929, 2938, 3020, 3026, 3032, 3040, 3097, 3109, 3117, 3133, 3142, 3164]]"
771,کرد,"[771, [525, 2239]]"
772,کسب,"[772, [310, 1278]]"
773,کشاورز,"[773, [593, 815, 820, 823, 827, 830, 1074, 1085, 1091, 1104, 1114, 1123, 1135, 1148, 1150, 1152, 1156, 1158, 1160, 1169, 1181, 1190, 1199, 1206, 1214, 1220, 1221, 1567, 2774, 3096]]"
774,کشور,"[774, [241, 259, 297, 2052, 2180]]"
775,کل,"[775, [58, 66, 74, 94]]"
776,کلا,"[776, [777, 1271]]"
777,کلینیک,"[777, [2830]]"
778,کمتر,"[778, [2292]]"
779,کمک,"[779, [478, 2009, 2017]]"
780,کمیته,"[780, [2215]]"
781,کمیسیون,"[781, [1755]]"
782,کنترل,"[782, [1639]]"
783,کند,"[783, [311]]"
784,کنند,"[784, [2069]]"
785,کنکور,"[785, [1977]]"
786,که,"[786, [198, 517, 552, 1438, 1499, 1707, 1752, 1907, 1938, 1953, 1973, 2063, 2228, 2289, 2312, 2323, 2331, 2369, 2471, 2613, 2728, 2850, 2879]]"
787,کوتاه,"[787, [2310]]"
788,کودک,"[788, [2441]]"
789,کوه,"[789, [178]]"
790,کوچک,"[790, [2877]]"
791,کیف,"[791, [2843]]"
792,کیفر,"[792, [883]]"
793,کیوسک,"[793, [1491]]"
794,گذران,"[794, [2889]]"
795,گر,"[795, [2111, 2840, 2894]]"
796,گرا,"[796, [630, 909, 1050, 1077, 1094, 1107, 1117, 1126, 1138, 1163, 1172, 1184, 1193, 1202, 1209, 1217]]"
797,گرایش,"[797, [332, 607, 656]]"
798,گردیده,"[798, [2594]]"
799,گرمدره,"[799, [3123]]"
800,گروه,"[800, [324, 531, 2035, 2064]]"
801,گستر,"[801, [2148]]"
802,گف,"[802, [2886]]"
803,گل,"[803, [1130]]"
804,گنجا,"[804, [2738, 2765, 2779, 2789, 2799]]"
805,گوناگون,"[805, [2166]]"
806,گوهرد,"[806, [174]]"
807,گپ,"[807, [2884]]"
808,گیاه,"[808, [807, 851, 1098, 1132, 1310, 1335]]"
809,یا,"[809, [1742, 1890, 1922, 1925, 1978, 1982, 2034, 2037, 2140, 2234]]"
810,یک,"[810, [111, 1449, 1503, 1955, 2089, 2326, 2377, 2874]]"
811,۱,"[811, [314, 317, 545, 2720]]"
812,۱.,"[812, [556]]"
813,۱۰,"[813, [455]]"
814,۱۰.,"[814, [597]]"
815,۱۰۰۰,"[815, [89]]"
816,۱۰۰۰۰,"[816, [84]]"
817,۱۱,"[817, [457, 1457, 2816]]"
818,۱۱.,"[818, [599]]"
819,۱۱۰۹,"[819, [1479]]"
820,۱۲,"[820, [542]]"
821,۱۲.,"[821, [603]]"
822,۱۳۶۳,"[822, [32, 469]]"
823,۱۴۰,"[823, [1426]]"
824,۱۴۵۰,"[824, [1528]]"
825,۱۵۰,"[825, [2766]]"
826,۱۷,"[826, [2400]]"
827,۱۸,"[827, [133, 1897]]"
828,۱۹,"[828, [2515]]"
829,۱۹۸۲,"[829, [2964]]"
830,۲,"[830, [319, 1783, 1847]]"
831,۲.,"[831, [561]]"
832,۲۰,"[832, [1490]]"
833,۲۰۰,"[833, [2780, 2790, 2800]]"
834,۲۰۱۲,"[834, [2966, 2971]]"
835,۲۰۱۳,"[835, [2973, 2978]]"
836,۲۰۱۷,"[836, [2980, 2985, 2987, 2992]]"
837,۲۰۱۸,"[837, [2994, 3000]]"
838,۲۰۳۰۰۰,"[838, [1470]]"
839,۲۵,"[839, [127, 504, 1777]]"
840,۲۵۰,"[840, [627]]"
841,۲۸,"[841, [1553]]"
842,۳,"[842, [329]]"
843,۳.,"[843, [566]]"
844,۳٫۱,"[844, [336]]"
845,۳٫۲,"[845, [339]]"
846,۳٫۳,"[846, [342]]"
847,۳٫۴,"[847, [345]]"
848,۳٫۵,"[848, [348]]"
849,۳٫۶,"[849, [351]]"
850,۳٫۷,"[850, [354]]"
851,۳۰۰۰۰,"[851, [81]]"
852,۳۵,"[852, [123, 136, 145]]"
853,۴,"[853, [357]]"
854,۴*۳,"[854, [1506]]"
855,۴.,"[855, [571]]"
856,۴٫۱,"[856, [360]]"
857,۴٫۲,"[857, [364]]"
858,۴٫۳,"[858, [366]]"
859,۴٫۴,"[859, [369]]"
860,۴۰۰۰,"[860, [2128]]"
861,۴۳,"[861, [299]]"
862,۴۵,"[862, [185, 279]]"
863,۴۵۰۰۰,"[863, [71]]"
864,۴۷,"[864, [100, 2499]]"
865,۵,"[865, [375]]"
866,۵.,"[866, [577]]"
867,۵۰,"[867, [129, 140, 149]]"
868,۵۰۰,"[868, [508, 1516, 2697]]"
869,۵۰۰۰,"[869, [79, 202]]"
870,۵۱,"[870, [125]]"
871,۵۴۶۷,"[871, [1486]]"
872,۵۹,"[872, [131]]"
873,۶,"[873, [378]]"
874,۶.,"[874, [581]]"
875,۶٫۱,"[875, [381]]"
876,۶٫۲,"[876, [388]]"
877,۶٫۳,"[877, [393]]"
878,۶٫۴,"[878, [397]]"
879,۷,"[879, [400, 498, 2512, 2820]]"
880,۷.,"[880, [586]]"
881,۷٫۱,"[881, [403]]"
882,۷٫۲,"[882, [407]]"
883,۷٫۳,"[883, [410]]"
884,۷٫۴,"[884, [413]]"
885,۷٫۵,"[885, [418]]"
886,۷۰۰,"[886, [55, 211]]"
887,۸,"[887, [426, 2715]]"
888,۸.,"[888, [590]]"
889,۸۰۰,"[889, [2739]]"
890,۸۰۰۰۰,"[890, [91, 229]]"
891,۸۵,"[891, [2577]]"
892,۸۵۶۹,"[892, [138, 147]]"
893,۹,"[893, [432, 2907]]"
894,۹.,"[894, [592]]"
895,۹٫۱,"[895, [439]]"
896,۹٫۲,"[896, [442]]"
897,۹٫۳,"[897, [447]]"
898,۹٫۴,"[898, [452]]"
899,۹۰۰,"[899, [63, 216]]"
900,۹۰۰۰,"[900, [87]]"
901,۹۸۸۲,"[901, [142, 151]]"
902,–,"[902, [702, 705, 710, 720, 728, 735, 740, 744, 750, 753, 757, 765, 774, 790, 816, 824, 831, 844, 894, 899, 2965, 2972, 2979, 2986, 2993]]"
903,•,"[903, [3118, 3120, 3122, 3124, 3126, 3128, 3134, 3136, 3138]]"
904,…,"[904, [1704]]"
905,′,"[905, [126, 132]]"
906,′′شرق,"[906, [134]]"
907,′′شمال,"[907, [128]]"
