,TokenId,Index
0,0,1055
1,0,1062
2,0,1066
3,0,1073
4,0,1084
5,0,1090
6,0,1103
7,0,1113
8,0,1122
9,0,1134
10,0,1147
11,0,1151
12,0,1155
13,0,1159
14,0,1168
15,0,1180
16,0,1189
17,0,1198
18,0,1205
19,0,1213
20,0,1219
21,0,1223
22,0,1228
23,0,1235
24,1,56
25,1,64
26,1,72
27,1,92
28,1,516
29,1,616
30,1,746
31,1,785
32,1,865
33,1,877
34,1,1844
35,1,2498
36,1,2961
37,1,2968
38,1,2975
39,1,2982
40,1,2989
41,1,2997
42,1,3016
43,1,3022
44,1,3028
45,1,3036
46,1,3044
47,1,3076
48,2,61
49,2,69
50,2,77
51,2,97
52,2,523
53,2,625
54,2,748
55,2,787
56,2,867
57,2,879
58,2,1848
59,2,2501
60,2,2965
61,2,2972
62,2,2979
63,2,2986
64,2,2993
65,2,3000
66,2,3019
67,2,3025
68,2,3031
69,2,3039
70,2,3058
71,2,3088
72,3,655
73,3,676
74,3,794
75,3,1390
76,3,1394
77,3,1399
78,3,1402
79,3,1406
80,3,1415
81,4,2999
82,5,165
83,5,183
84,5,210
85,5,237
86,5,262
87,5,270
88,5,312
89,5,526
90,5,653
91,5,1443
92,5,1477
93,5,1522
94,5,1594
95,5,1653
96,5,1726
97,5,1773
98,5,1796
99,5,1815
100,5,1865
101,5,1893
102,5,1906
103,5,1929
104,5,1961
105,5,1986
106,5,2022
107,5,2055
108,5,2070
109,5,2081
110,5,2102
111,5,2240
112,5,2280
113,5,2308
114,5,2319
115,5,2339
116,5,2361
117,5,2385
118,5,2424
119,5,2487
120,5,2524
121,5,2561
122,5,2603
123,5,2627
124,5,2669
125,5,2703
126,5,2807
127,5,2860
128,5,2895
129,5,2920
130,6,135
131,6,144
132,7,122
133,7,555
134,7,665
135,7,2136
136,7,3139
137,7,3149
138,7,3175
139,8,148
140,9,313
141,10,315
142,11,1935
143,11,3147
144,12,124
145,12,130
146,13,143
147,14,139
148,15,1937
149,16,7
150,16,161
151,16,242
152,16,288
153,16,321
154,16,331
155,16,384
156,16,386
157,16,435
158,16,484
159,16,528
160,16,606
161,16,619
162,16,621
163,16,636
164,16,639
165,16,642
166,16,1174
167,16,1507
168,16,1510
169,16,1534
170,16,1536
171,16,1560
172,16,1571
173,16,1574
174,16,1576
175,16,1578
176,16,1580
177,16,1624
178,16,1626
179,16,1628
180,16,1632
181,16,1667
182,16,1669
183,16,1675
184,16,1681
185,16,1687
186,16,1689
187,16,1691
188,16,1693
189,16,1711
190,16,1715
191,16,1731
192,16,1733
193,16,1748
194,16,1750
195,16,1780
196,16,1826
197,16,1880
198,16,1888
199,16,2003
200,16,2008
201,16,2048
202,16,2119
203,16,2130
204,16,2147
205,16,2177
206,16,2181
207,16,2197
208,16,2222
209,16,2237
210,16,2250
211,16,2413
212,16,2430
213,16,2432
214,16,2434
215,16,2440
216,16,2442
217,16,2444
218,16,2447
219,16,2451
220,16,2453
221,16,2455
222,16,2459
223,16,2464
224,16,2531
225,16,2657
226,16,2685
227,16,2706
228,16,2757
229,16,2767
230,16,2781
231,16,2791
232,16,2904
233,16,2913
234,16,3010
235,16,3061
236,16,3081
237,17,249
238,18,1376
239,18,1385
240,19,51
241,20,1763
242,20,2651
243,21,3083
244,22,1027
245,23,414
246,23,2488
247,23,2505
248,23,2535
249,24,441
250,24,1829
251,24,2269
252,24,2711
253,24,2718
254,24,2730
255,24,2760
256,24,2769
257,24,2783
258,25,1834
259,25,2200
260,26,1688
261,27,928
262,28,1533
263,28,2184
264,29,2347
265,30,557
266,30,670
267,30,674
268,30,677
269,30,681
270,30,685
271,30,916
272,30,920
273,30,1244
274,30,1251
275,30,1255
276,30,1579
277,30,1609
278,30,1613
279,30,1647
280,31,1100
281,32,1502
282,32,1561
283,32,2109
284,32,2120
285,32,2847
286,33,2038
287,33,2555
288,34,2443
289,35,1665
290,35,2170
291,36,2846
292,37,1178
293,38,86
294,38,344
295,38,641
296,38,906
297,39,5
298,39,110
299,39,112
300,39,231
301,39,480
302,39,503
303,39,554
304,39,849
305,39,1143
306,39,1527
307,39,1656
308,39,1753
309,39,1766
310,39,1803
311,39,1837
312,39,1920
313,39,1957
314,39,1999
315,39,2061
316,39,2090
317,39,2103
318,39,2153
319,39,2169
320,39,2190
321,39,2262
322,39,2379
323,39,2510
324,39,2546
325,39,2616
326,39,2644
327,39,2696
328,39,2801
329,39,2855
330,39,3109
331,39,3146
332,40,1867
333,41,1679
334,41,2364
335,41,2373
336,42,59
337,42,67
338,42,75
339,42,95
340,42,162
341,42,164
342,42,192
343,42,269
344,42,274
345,42,522
346,42,551
347,42,614
348,42,652
349,42,1437
350,42,1463
351,42,1476
352,42,1498
353,42,1593
354,42,2101
355,42,2279
356,42,2318
357,42,2338
358,42,2423
359,42,2470
360,42,2560
361,42,2602
362,42,2612
363,42,2702
364,42,2727
365,42,2756
366,42,2806
367,42,2876
368,42,2894
369,42,2919
370,42,3005
371,42,3152
372,42,3167
373,43,1745
374,44,239
375,44,472
376,44,1788
377,44,2263
378,44,2833
379,44,2957
380,45,2414
381,46,502
382,46,2020
383,46,2189
384,46,2261
385,46,2858
386,47,2
387,47,18
388,47,23
389,47,118
390,47,154
391,47,170
392,47,191
393,47,258
394,47,273
395,47,306
396,47,423
397,47,464
398,47,538
399,47,565
400,47,613
401,47,662
402,47,764
403,47,773
404,47,778
405,47,780
406,47,934
407,47,941
408,47,946
409,47,948
410,47,952
411,47,956
412,47,1268
413,47,1272
414,47,1447
415,47,1714
416,47,2394
417,47,2566
418,47,2573
419,47,2589
420,47,2643
421,47,2679
422,47,2925
423,47,2934
424,47,2942
425,47,3130
426,47,3172
427,48,1705
428,48,2238
429,49,224
430,50,3117
431,51,206
432,52,808
433,52,1005
434,52,1097
435,52,1110
436,52,1120
437,52,1129
438,52,1153
439,52,1210
440,52,1233
441,53,1492
442,53,3179
443,54,2168
444,55,1662
445,55,1670
446,56,1996
447,57,797
448,57,1409
449,58,1468
450,59,814
451,59,822
452,59,829
453,59,832
454,59,1149
455,60,2053
456,60,2359
457,60,2548
458,61,2419
459,62,60
460,62,68
461,62,76
462,62,96
463,62,163
464,62,180
465,62,193
466,62,275
467,62,615
468,62,3006
469,62,3069
470,62,3153
471,62,3168
472,63,105
473,63,268
474,64,2225
475,65,562
476,65,761
477,65,770
478,65,925
479,65,931
480,65,938
481,65,949
482,65,1575
483,65,1611
484,66,1389
485,66,1391
486,66,1488
487,67,783
488,68,433
489,68,2704
490,69,1861
491,70,1805
492,71,2209
493,72,1532
494,72,1657
495,72,1768
496,72,1838
497,72,2183
498,72,2381
499,73,358
500,73,453
501,73,1418
502,73,1616
503,73,2586
504,73,2741
505,73,2857
506,73,2896
507,74,1592
508,75,3080
509,76,1070
510,76,1512
511,77,1823
512,77,1850
513,77,1883
514,78,2133
515,78,2141
516,79,1544
517,79,2013
518,79,2079
519,80,382
520,80,1729
521,80,1746
522,80,1757
523,80,1778
524,80,1797
525,80,1988
526,80,2029
527,81,1552
528,81,2593
529,82,782
530,82,895
531,83,560
532,84,2216
533,85,2945
534,86,861
535,87,372
536,87,686
537,87,689
538,87,924
539,87,1248
540,87,1252
541,87,1597
542,87,1602
543,87,1645
544,88,1434
545,89,24
546,90,2211
547,91,1
548,91,9
549,91,17
550,91,22
551,91,117
552,91,153
553,91,169
554,91,190
555,91,257
556,91,272
557,91,305
558,91,422
559,91,463
560,91,537
561,91,612
562,91,661
563,91,1446
564,91,2393
565,91,2565
566,91,2572
567,91,2588
568,91,2608
569,91,2624
570,91,2642
571,91,2678
572,91,2924
573,91,2933
574,91,2941
575,91,3129
576,91,3171
577,92,247
578,92,363
579,92,1378
580,92,1422
581,92,1430
582,92,2431
583,93,1007
584,94,2581
585,95,524
586,96,759
587,96,1043
588,97,448
589,97,2861
590,97,2870
591,98,2275
592,98,2408
593,98,2747
594,98,2914
595,99,2551
596,100,2721
597,101,235
598,102,687
599,102,697
600,102,1373
601,102,1382
602,102,2182
603,102,2647
604,102,3064
605,102,3071
606,102,3108
607,102,3150
608,102,3154
609,103,41
610,103,99
611,103,285
612,103,325
613,103,359
614,103,532
615,103,695
616,103,1419
617,103,1537
618,103,1619
619,103,2036
620,103,2065
621,103,2204
622,104,519
623,104,546
624,104,1462
625,104,2784
626,104,3045
627,104,3053
628,104,3093
629,105,1467
630,105,1723
631,105,1812
632,105,1843
633,105,1856
634,105,1884
635,105,1958
636,105,1997
637,105,2192
638,105,2232
639,105,2314
640,105,2325
641,105,2333
642,106,741
643,106,751
644,106,1024
645,107,2955
646,108,2473
647,109,52
648,110,1222
649,111,243
650,111,2096
651,111,2164
652,111,2285
653,111,2525
654,111,2541
655,112,901
656,112,3160
657,113,25
658,114,166
659,114,232
660,114,250
661,114,1495
662,114,1909
663,114,1987
664,114,2071
665,114,2105
666,114,2425
667,114,2479
668,114,2652
669,114,2666
670,114,2825
671,114,2830
672,114,2856
673,114,2865
674,115,1555
675,115,1591
676,116,1563
677,117,518
678,118,1531
679,118,1908
680,118,2695
681,118,2938
682,118,3002
683,119,276
684,119,470
685,119,486
686,119,497
687,119,1501
688,119,1525
689,119,1548
690,119,1615
691,119,1831
692,119,2016
693,119,2027
694,119,2039
695,119,2073
696,119,2114
697,119,2125
698,119,2213
699,119,2219
700,119,2260
701,119,2344
702,119,2375
703,119,2397
704,119,2475
705,119,2492
706,119,2533
707,119,2576
708,119,2585
709,119,2633
710,119,2694
711,119,2736
712,119,2740
713,119,2763
714,119,2777
715,119,2787
716,119,2797
717,119,2841
718,119,2852
719,120,1427
720,120,2716
721,121,2526
722,122,722
723,122,825
724,123,1286
725,124,2313
726,124,2324
727,124,2332
728,124,2376
729,125,1985
730,126,394
731,126,1962
732,126,1968
733,126,2040
734,126,2951
735,126,2953
736,127,511
737,128,843
738,128,852
739,128,1076
740,128,1083
741,128,1093
742,128,1106
743,128,1116
744,128,1125
745,128,1137
746,128,1146
747,128,1323
748,129,1976
749,129,1981
750,130,2762
751,131,219
752,131,2428
753,131,2435
754,132,573
755,132,972
756,132,979
757,132,986
758,132,993
759,132,1000
760,132,1011
761,133,1804
762,134,477
763,135,1089
764,136,240
765,136,255
766,136,488
767,136,1469
768,136,1736
769,136,2199
770,137,26
771,137,2099
772,137,2226
773,137,2287
774,137,2881
775,138,2218
776,139,850
777,139,1144
778,140,1352
779,141,2131
780,142,789
781,142,1343
782,143,2214
783,144,2165
784,145,38
785,146,1700
786,147,3145
787,148,1676
788,148,1682
789,148,1694
790,148,1722
791,148,2045
792,148,2066
793,148,2174
794,148,2748
795,149,1511
796,150,1452
797,150,2484
798,150,2731
799,151,2952
800,152,2745
801,152,2845
802,152,2869
803,152,2901
804,153,1719
805,154,1919
806,155,1799
807,155,1807
808,156,2330
809,157,1176
810,158,31
811,159,2947
812,160,11
813,160,14
814,160,195
815,160,222
816,160,228
817,160,430
818,160,459
819,160,805
820,160,1433
821,160,1439
822,160,1541
823,160,1588
824,160,1633
825,160,1641
826,160,1664
827,160,1672
828,160,1740
829,160,1822
830,160,1882
831,160,1885
832,160,1911
833,160,1930
834,160,1950
835,160,2044
836,160,2108
837,160,2117
838,160,2143
839,160,2160
840,160,2185
841,160,2206
842,160,2229
843,160,2244
844,160,2247
845,160,2277
846,160,2283
847,160,2297
848,160,2302
849,160,2346
850,160,2355
851,160,2367
852,160,2391
853,160,2411
854,160,2482
855,160,2494
856,160,2507
857,160,2544
858,160,2558
859,160,2631
860,160,2640
861,160,2654
862,160,2661
863,160,2676
864,160,2888
865,160,2917
866,160,2929
867,161,868
868,161,1312
869,161,2462
870,161,3060
871,162,1060
872,163,2726
873,164,1526
874,165,3050
875,166,199
876,166,2405
877,167,278
878,167,2399
879,168,1585
880,169,446
881,169,2811
882,169,2820
883,170,460
884,170,2824
885,170,2930
886,171,2483
887,172,2478
888,173,873
889,174,2122
890,175,295
891,175,302
892,176,888
893,176,891
894,176,960
895,177,1078
896,177,1196
897,178,1194
898,179,990
899,180,2334
900,180,2514
901,181,1398
902,181,1401
903,182,491
904,182,1813
905,182,2636
906,183,2538
907,184,2485
908,185,1400
909,186,1037
910,187,2879
911,188,1549
912,188,1618
913,189,2193
914,190,82
915,190,196
916,190,335
917,190,500
918,190,610
919,190,631
920,190,659
921,190,2253
922,190,2337
923,190,2372
924,191,736
925,191,1019
926,191,3011
927,192,248
928,192,338
929,192,635
930,192,667
931,192,2436
932,193,1761
933,194,2317
934,195,572
935,195,971
936,195,978
937,195,985
938,195,992
939,195,999
940,195,1010
941,195,3078
942,195,3100
943,196,570
944,196,1291
945,197,401
946,197,2000
947,197,2082
948,197,2097
949,197,2106
950,197,2286
951,198,1784
952,199,1879
953,200,2744
954,201,1917
955,201,2060
956,201,2868
957,202,811
958,202,1203
959,203,2172
960,204,1849
961,204,2137
962,205,471
963,206,2527
964,207,1625
965,208,485
966,209,3021
967,209,3158
968,210,1403
969,211,1517
970,212,2290
971,213,289
972,214,2493
973,215,419
974,215,2562
975,215,2569
976,215,2605
977,215,2610
978,215,2621
979,216,1800
980,216,1808
981,217,819
982,218,1923
983,219,846
984,219,874
985,219,970
986,219,1332
987,220,747
988,221,83
989,221,1853
990,221,2356
991,221,2662
992,222,1088
993,223,1054
994,224,487
995,225,2722
996,226,48
997,227,2503
998,227,2521
999,228,2960
1000,229,1031
1001,230,104
1002,230,267
1003,230,3033
1004,231,481
1005,232,1049
1006,233,754
1007,234,2157
1008,235,885
1009,235,966
1010,236,863
1011,236,2445
1012,237,964
1013,238,253
1014,239,15
1015,240,1678
1016,241,3178
1017,242,1471
1018,243,2104
1019,244,451
1020,244,2864
1021,244,2874
1022,245,2502
1023,245,2540
1024,245,2550
1025,245,2580
1026,246,27
1027,246,1590
1028,247,396
1029,247,1964
1030,247,1970
1031,247,2042
1032,248,1166
1033,249,1776
1034,249,1896
1035,249,2672
1036,249,2714
1037,249,2814
1038,250,1030
1039,250,1650
1040,250,1775
1041,250,1793
1042,250,1895
1043,250,2520
1044,250,2671
1045,250,2700
1046,250,2713
1047,250,2813
1048,251,47
1049,252,1673
1050,253,184
1051,254,769
1052,254,1263
1053,255,341
1054,255,549
1055,255,638
1056,255,903
1057,255,3048
1058,255,3056
1059,255,3106
1060,256,3043
1061,257,1004
1062,258,998
1063,259,580
1064,259,699
1065,259,1287
1066,259,1388
1067,260,37
1068,260,42
1069,261,208
1070,261,238
1071,262,1187
1072,262,1231
1073,263,2208
1074,264,506
1075,265,582
1076,265,880
1077,265,882
1078,265,887
1079,265,945
1080,265,963
1081,265,1267
1082,265,1294
1083,265,1934
1084,265,1945
1085,266,1630
1086,267,2973
1087,268,2123
1088,269,1948
1089,270,1990
1090,270,2075
1091,270,2084
1092,270,2294
1093,271,3082
1094,272,955
1095,273,2371
1096,274,2221
1097,275,839
1098,275,1162
1099,275,1167
1100,275,1171
1101,275,1179
1102,275,1183
1103,275,1188
1104,275,1192
1105,275,1197
1106,275,1327
1107,276,1562
1108,276,2121
1109,276,2348
1110,277,881
1111,278,2542
1112,279,858
1113,280,784
1114,281,3015
1115,282,2486
1116,283,521
1117,284,1892
1118,285,2843
1119,286,475
1120,286,495
1121,286,1801
1122,287,1237
1123,288,113
1124,289,810
1125,289,812
1126,289,876
1127,289,1204
1128,289,1212
1129,289,1946
1130,289,1952
1131,289,2142
1132,290,416
1133,290,2176
1134,290,2456
1135,290,2490
1136,290,2517
1137,290,2529
1138,291,261
1139,292,265
1140,292,277
1141,292,541
1142,292,626
1143,292,1425
1144,292,1448
1145,292,1974
1146,292,2398
1147,292,2867
1148,292,3177
1149,293,182
1150,294,209
1151,294,225
1152,294,1725
1153,294,2293
1154,295,1099
1155,296,2469
1156,297,1201
1157,297,1208
1158,297,1216
1159,297,1330
1160,298,177
1161,299,591
1162,299,862
1163,299,864
1164,299,904
1165,299,1379
1166,299,1577
1167,299,2796
1168,300,234
1169,301,90
1170,301,2956
1171,302,2698
1172,303,50
1173,303,70
1174,303,187
1175,303,203
1176,303,230
1177,303,281
1178,303,390
1179,303,406
1180,303,409
1181,303,490
1182,303,509
1183,303,1440
1184,303,1500
1185,303,1509
1186,303,1539
1187,303,1642
1188,303,1663
1189,303,1671
1190,303,1680
1191,303,1720
1192,303,1735
1193,303,1769
1194,303,1786
1195,303,1809
1196,303,1817
1197,303,1820
1198,303,1839
1199,303,1900
1200,303,2025
1201,303,2030
1202,303,2057
1203,303,2086
1204,303,2100
1205,303,2118
1206,303,2124
1207,303,2134
1208,303,2152
1209,303,2158
1210,303,2186
1211,303,2196
1212,303,2220
1213,303,2243
1214,303,2254
1215,303,2257
1216,303,2278
1217,303,2282
1218,303,2296
1219,303,2301
1220,303,2303
1221,303,2340
1222,303,2349
1223,303,2365
1224,303,2382
1225,303,2412
1226,303,2504
1227,303,2522
1228,303,2559
1229,303,2582
1230,303,2835
1231,303,2850
1232,303,2880
1233,303,2918
1234,303,2967
1235,304,1965
1236,304,2227
1237,304,2288
1238,304,2368
1239,305,8
1240,306,320
1241,306,527
1242,306,543
1243,306,1460
1244,306,1566
1245,306,1608
1246,306,1770
1247,306,1840
1248,306,1944
1249,306,2033
1250,306,2350
1251,306,2772
1252,306,2795
1253,307,0
1254,307,16
1255,307,21
1256,307,116
1257,307,152
1258,307,157
1259,307,168
1260,307,189
1261,307,207
1262,307,221
1263,307,251
1264,307,256
1265,307,271
1266,307,296
1267,307,304
1268,307,421
1269,307,431
1270,307,462
1271,307,536
1272,307,611
1273,307,660
1274,307,1445
1275,307,1455
1276,307,1540
1277,307,1559
1278,307,1802
1279,307,1836
1280,307,1874
1281,307,2019
1282,307,2078
1283,307,2093
1284,307,2146
1285,307,2205
1286,307,2274
1287,307,2392
1288,307,2417
1289,307,2497
1290,307,2506
1291,307,2545
1292,307,2549
1293,307,2564
1294,307,2571
1295,307,2587
1296,307,2599
1297,307,2607
1298,307,2623
1299,307,2632
1300,307,2641
1301,307,2656
1302,307,2677
1303,307,2805
1304,307,2827
1305,307,2866
1306,307,2903
1307,307,2923
1308,307,2932
1309,307,2940
1310,307,3004
1311,307,3014
1312,307,3020
1313,307,3026
1314,307,3032
1315,307,3040
1316,307,3066
1317,307,3074
1318,307,3096
1319,307,3112
1320,307,3142
1321,307,3159
1322,307,3161
1323,307,3170
1324,308,2187
1325,309,1584
1326,309,2664
1327,310,2684
1328,311,2688
1329,312,3057
1330,313,2691
1331,314,57
1332,314,65
1333,314,73
1334,314,93
1335,314,159
1336,314,171
1337,314,176
1338,314,188
1339,314,204
1340,314,218
1341,314,290
1342,314,294
1343,314,301
1344,314,467
1345,314,510
1346,314,512
1347,314,632
1348,314,713
1349,314,1020
1350,314,1453
1351,314,1459
1352,314,1494
1353,314,1558
1354,314,1564
1355,314,1607
1356,314,1649
1357,314,1721
1358,314,1774
1359,314,1789
1360,314,1792
1361,314,1871
1362,314,1877
1363,314,1894
1364,314,1901
1365,314,1943
1366,314,1967
1367,314,1989
1368,314,2005
1369,314,2032
1370,314,2059
1371,314,2094
1372,314,2150
1373,314,2271
1374,314,2315
1375,314,2351
1376,314,2370
1377,314,2472
1378,314,2516
1379,314,2519
1380,314,2528
1381,314,2597
1382,314,2670
1383,314,2681
1384,314,2699
1385,314,2712
1386,314,2723
1387,314,2812
1388,314,2821
1389,314,2890
1390,314,3062
1391,314,3151
1392,314,3157
1393,314,3166
1394,314,3181
1395,315,1111
1396,316,1869
1397,317,2132
1398,318,737
1399,319,411
1400,319,2272
1401,319,2386
1402,319,2388
1403,319,2426
1404,319,2480
1405,320,725
1406,321,2822
1407,322,1771
1408,322,1832
1409,323,1587
1410,324,1833
1411,325,1529
1412,325,1622
1413,325,1638
1414,325,3092
1415,326,866
1416,326,878
1417,327,1712
1418,328,2230
1419,329,1951
1420,330,2452
1421,331,2410
1422,331,2916
1423,332,3111
1424,333,2336
1425,334,483
1426,334,1276
1427,334,3007
1428,335,337
1429,335,340
1430,335,634
1431,335,666
1432,335,902
1433,336,88
1434,336,637
1435,337,1926
1436,337,2547
1437,337,2802
1438,337,3089
1439,338,252
1440,338,309
1441,338,496
1442,338,1765
1443,338,1852
1444,338,1862
1445,338,2840
1446,339,2536
1447,340,514
1448,340,1551
1449,340,2154
1450,340,2592
1451,340,3110
1452,341,712
1453,342,2686
1454,343,368
1455,343,1524
1456,343,1543
1457,344,1530
1458,344,1557
1459,344,1627
1460,345,415
1461,345,2489
1462,345,2509
1463,346,266
1464,346,298
1465,346,307
1466,346,1975
1467,347,292
1468,348,1175
1469,348,3148
1470,348,3173
1471,349,2853
1472,350,3144
1473,351,1493
1474,352,724
1475,353,2246
1476,354,330
1477,354,499
1478,354,605
1479,354,628
1480,354,654
1481,354,1643
1482,355,402
1483,355,438
1484,355,2083
1485,355,2098
1486,355,2709
1487,356,997
1488,357,786
1489,358,1710
1490,358,2988
1491,359,1936
1492,360,890
1493,360,959
1494,360,1716
1495,361,567
1496,361,690
1497,361,692
1498,361,957
1499,361,1015
1500,361,1288
1501,361,2266
1502,362,2912
1503,363,2251
1504,364,2407
1505,365,201
1506,366,2837
1507,367,2958
1508,368,716
1509,369,733
1510,369,738
1511,369,743
1512,369,749
1513,369,752
1514,369,1017
1515,369,1022
1516,369,1297
1517,370,2129
1518,371,1407
1519,372,35
1520,373,2439
1521,374,371
1522,374,668
1523,374,672
1524,374,679
1525,374,683
1526,374,688
1527,374,914
1528,374,918
1529,374,922
1530,374,1240
1531,374,1242
1532,374,1247
1533,374,1249
1534,374,1253
1535,374,1258
1536,374,1596
1537,374,1601
1538,374,1644
1539,375,802
1540,375,1157
1541,376,1303
1542,376,2898
1543,377,2095
1544,378,2437
1545,379,1942
1546,379,1949
1547,380,1668
1548,381,2619
1549,382,836
1550,382,1044
1551,382,1051
1552,382,3098
1553,383,1047
1554,384,1133
1555,385,367
1556,385,1523
1557,385,1554
1558,385,2598
1559,385,2922
1560,385,2931
1561,386,913
1562,386,1393
1563,386,1397
1564,386,2476
1565,387,3163
1566,388,1759
1567,388,2534
1568,388,2611
1569,388,2949
1570,389,714
1571,390,855
1572,390,1416
1573,390,3165
1574,391,2511
1575,392,468
1576,392,2893
1577,393,440
1578,393,443
1579,393,2710
1580,393,2717
1581,393,2729
1582,393,2759
1583,393,2768
1584,393,2782
1585,393,2792
1586,393,2803
1587,393,2808
1588,393,2816
1589,394,2378
1590,395,2327
1591,396,1565
1592,397,2144
1593,398,293
1594,399,1121
1595,400,2046
1596,400,2062
1597,401,1939
1598,402,1441
1599,402,2409
1600,402,2915
1601,403,1651
1602,403,2276
1603,404,2908
1604,405,2556
1605,406,2151
1606,407,693
1607,408,1052
1608,409,1341
1609,410,428
1610,410,520
1611,410,550
1612,410,620
1613,410,2629
1614,410,2674
1615,410,2786
1616,410,2950
1617,410,3138
1618,411,398
1619,411,2006
1620,411,2023
1621,411,2049
1622,411,2072
1623,412,513
1624,412,2298
1625,412,2682
1626,413,308
1627,413,1754
1628,414,1666
1629,415,585
1630,415,817
1631,415,893
1632,415,896
1633,415,898
1634,415,962
1635,415,1293
1636,415,1573
1637,415,1785
1638,416,46
1639,417,412
1640,417,2273
1641,417,2387
1642,417,2389
1643,418,1058
1644,419,795
1645,420,1620
1646,420,2135
1647,420,2427
1648,421,2406
1649,422,1589
1650,423,958
1651,423,2249
1652,424,492
1653,424,1960
1654,424,2553
1655,425,28
1656,425,2139
1657,426,1924
1658,427,2236
1659,428,1764
1660,429,236
1661,430,2305
1662,430,2342
1663,431,173
1664,432,2660
1665,433,2004
1666,433,2068
1667,433,2609
1668,434,2614
1669,435,1846
1670,435,1956
1671,436,172
1672,437,886
1673,437,967
1674,437,1008
1675,437,1045
1676,437,1241
1677,437,1304
1678,438,1068
1679,438,2155
1680,439,33
1681,439,107
1682,440,1356
1683,441,489
1684,441,2002
1685,442,2761
1686,442,2770
1687,442,2793
1688,442,3049
1689,443,1872
1690,443,2943
1691,444,43
1692,444,1521
1693,444,1972
1694,445,2626
1695,446,756
1696,446,758
1697,446,1032
1698,446,1033
1699,446,1035
1700,446,1036
1701,446,1038
1702,446,1039
1703,446,1041
1704,446,1042
1705,446,1164
1706,446,1305
1707,446,1345
1708,447,1860
1709,448,2513
1710,449,1629
1711,450,1941
1712,451,2223
1713,451,2634
1714,452,857
1715,452,1056
1716,452,1226
1717,452,1318
1718,452,1337
1719,452,1358
1720,452,1411
1721,453,701
1722,453,969
1723,453,1282
1724,454,2742
1725,455,1542
1726,455,1878
1727,455,1886
1728,455,1912
1729,455,2508
1730,456,1855
1731,457,3119
1732,457,3137
1733,458,596
1734,458,834
1735,458,1225
1736,458,1230
1737,458,1570
1738,458,2776
1739,459,1064
1740,460,1875
1741,460,2014
1742,461,2645
1743,462,2299
1744,462,2380
1745,462,2617
1746,463,2996
1747,464,2316
1748,465,698
1749,465,2785
1750,465,2944
1751,466,553
1752,467,2959
1753,468,1686
1754,468,3086
1755,469,742
1756,469,1025
1757,470,374
1758,470,682
1759,470,921
1760,470,1256
1761,470,1259
1762,470,1599
1763,470,1604
1764,470,1614
1765,470,1648
1766,471,779
1767,471,930
1768,471,947
1769,472,678
1770,473,2450
1771,474,731
1772,475,732
1773,476,212
1774,476,1519
1775,476,1971
1776,477,1102
1777,478,515
1778,479,1739
1779,479,1821
1780,479,2159
1781,480,54
1782,480,214
1783,480,383
1784,480,399
1785,480,1730
1786,480,1737
1787,480,1747
1788,480,1758
1789,480,1779
1790,480,1798
1791,480,1825
1792,480,2007
1793,480,2024
1794,480,2047
1795,480,3034
1796,481,559
1797,481,569
1798,481,575
1799,481,584
1800,481,598
1801,481,766
1802,481,840
1803,481,892
1804,481,897
1805,481,935
1806,481,961
1807,481,974
1808,481,981
1809,481,988
1810,481,995
1811,481,1002
1812,481,1013
1813,481,1048
1814,481,1075
1815,481,1086
1816,481,1092
1817,481,1105
1818,481,1115
1819,481,1124
1820,481,1136
1821,481,1161
1822,481,1170
1823,481,1182
1824,481,1191
1825,481,1200
1826,481,1207
1827,481,1215
1828,481,1260
1829,481,1273
1830,481,1290
1831,481,1292
1832,481,1295
1833,481,1315
1834,481,1320
1835,481,1324
1836,481,1329
1837,481,1377
1838,481,1572
1839,481,1583
1840,481,3009
1841,481,3067
1842,482,2980
1843,483,908
1844,483,1360
1845,484,1674
1846,485,1021
1847,486,691
1848,486,889
1849,486,1392
1850,486,1396
1851,486,1717
1852,486,2202
1853,486,2404
1854,486,2429
1855,486,2446
1856,487,1480
1857,487,1931
1858,487,2194
1859,488,1505
1860,489,2458
1861,490,1314
1862,490,1319
1863,490,2110
1864,490,2838
1865,491,444
1866,491,2809
1867,491,2817
1868,492,2638
1869,492,3141
1870,493,158
1871,493,3128
1872,494,671
1873,494,675
1874,494,917
1875,494,1245
1876,494,1473
1877,494,1482
1878,495,39
1879,495,1845
1880,496,853
1881,496,1340
1882,497,3084
1883,498,2357
1884,499,2966
1885,499,2987
1886,500,385
1887,500,434
1888,500,1713
1889,500,1732
1890,500,1749
1891,500,1781
1892,500,1827
1893,500,1873
1894,500,2705
1895,500,2753
1896,500,2946
1897,500,3075
1898,501,1891
1899,502,98
1900,502,283
1901,503,1794
1902,503,1993
1903,503,2091
1904,503,2701
1905,504,376
1906,504,379
1907,504,1654
1908,504,1727
1909,504,2161
1910,505,1954
1911,506,942
1912,506,1264
1913,507,775
1914,507,953
1915,507,1269
1916,508,547
1917,508,600
1918,508,1581
1919,508,3041
1920,508,3046
1921,508,3054
1922,508,3104
1923,509,1141
1924,509,3013
1925,510,2771
1926,511,2899
1927,512,2954
1928,513,377
1929,513,1655
1930,513,1658
1931,514,2433
1932,515,726
1933,515,729
1934,515,845
1935,515,976
1936,515,1095
1937,515,1108
1938,515,1118
1939,515,1127
1940,515,1139
1941,515,1218
1942,516,760
1943,516,1026
1944,516,1029
1945,516,1185
1946,516,1300
1947,516,1301
1948,517,1631
1949,518,2600
1950,518,2725
1951,519,791
1952,520,936
1953,521,181
1954,521,260
1955,522,767
1956,522,1261
1957,522,1684
1958,523,1296
1959,524,1504
1960,525,2448
1961,526,2115
1962,527,370
1963,527,1595
1964,527,1600
1965,528,1475
1966,528,1484
1967,529,1868
1968,529,2212
1969,530,2618
1970,531,2321
1971,532,2463
1972,533,479
1973,533,703
1974,533,704
1975,533,707
1976,533,1284
1977,533,2018
1978,533,2291
1979,534,589
1980,534,871
1981,534,1309
1982,534,2460
1983,535,2891
1984,536,3125
1985,537,1889
1986,538,944
1987,538,1266
1988,539,1515
1989,539,2127
1990,540,799
1991,540,1366
1992,541,1405
1993,542,2402
1994,543,1246
1995,543,1257
1996,544,2543
1997,545,2113
1998,546,875
1999,547,420
2000,547,1881
2001,547,2563
2002,547,2570
2003,547,2606
2004,547,2622
2005,548,205
2006,548,417
2007,548,1454
2008,548,2491
2009,548,2496
2010,548,2518
2011,548,2530
2012,548,2826
2013,549,2604
2014,550,2732
2015,551,1481
2016,552,1465
2017,553,2906
2018,553,2910
2019,554,1432
2020,554,2481
2021,554,2734
2022,554,2804
2023,555,2635
2024,555,2653
2025,556,316
2026,557,826
2027,557,1082
2028,557,1145
2029,558,2878
2030,559,36
2031,559,2994
2032,560,3097
2033,561,121
2034,561,3180
2035,562,220
2036,562,2420
2037,562,2752
2038,563,2233
2039,564,2832
2040,565,2311
2041,565,2322
2042,566,427
2043,566,2628
2044,566,2637
2045,566,2667
2046,566,2673
2047,567,2268
2048,568,505
2049,569,578
2050,569,694
2051,569,696
2052,569,700
2053,569,708
2054,569,711
2055,569,718
2056,569,721
2057,569,837
2058,569,912
2059,569,968
2060,569,983
2061,569,1057
2062,569,1275
2063,569,1277
2064,569,1281
2065,569,1283
2066,569,1285
2067,569,1857
2068,570,1698
2069,571,2345
2070,572,1677
2071,572,1695
2072,572,2751
2073,573,244
2074,573,322
2075,573,529
2076,574,3101
2077,575,2358
2078,576,2421
2079,577,404
2080,577,1451
2081,577,1640
2082,577,1756
2083,577,1760
2084,577,2241
2085,577,2255
2086,577,2466
2087,577,2735
2088,577,3077
2089,577,3099
2090,578,1683
2091,578,2175
2092,579,900
2093,580,326
2094,580,533
2095,581,115
2096,582,1767
2097,582,1858
2098,583,2601
2099,584,405
2100,584,1289
2101,584,2242
2102,584,2256
2103,584,2467
2104,585,29
2105,586,194
2106,587,2248
2107,588,1899
2108,589,1842
2109,590,1404
2110,591,2794
2111,592,564
2112,592,763
2113,592,772
2114,592,927
2115,592,933
2116,592,940
2117,592,951
2118,593,40
2119,593,44
2120,593,49
2121,593,1991
2122,593,2076
2123,593,2085
2124,593,2295
2125,594,1984
2126,595,1040
2127,596,1863
2128,597,3079
2129,598,801
2130,598,1354
2131,599,2235
2132,600,334
2133,600,609
2134,600,633
2135,600,658
2136,601,3176
2137,602,1983
2138,603,2201
2139,603,2353
2140,604,2683
2141,605,1696
2142,606,456
2143,606,595
2144,606,833
2145,606,838
2146,606,1224
2147,606,1229
2148,606,1569
2149,606,2775
2150,606,2921
2151,607,284
2152,607,2116
2153,607,2902
2154,608,1904
2155,609,2050
2156,609,2178
2157,610,106
2158,611,1913
2159,612,2207
2160,612,2245
2161,612,2284
2162,613,2995
2163,614,602
2164,614,706
2165,614,788
2166,614,792
2167,614,798
2168,614,813
2169,614,821
2170,614,828
2171,614,842
2172,614,907
2173,614,910
2174,614,1072
2175,614,1302
2176,614,1317
2177,614,1322
2178,614,1326
2179,614,1328
2180,614,1331
2181,614,1336
2182,614,1342
2183,614,1344
2184,614,1346
2185,614,1348
2186,614,1350
2187,614,1353
2188,614,1355
2189,614,1357
2190,614,1359
2191,614,1361
2192,614,1363
2193,614,1367
2194,614,1369
2195,615,1067
2196,615,1071
2197,615,1313
2198,615,1364
2199,616,1436
2200,616,1497
2201,616,2031
2202,617,2352
2203,618,2578
2204,619,1081
2205,620,604
2206,621,2579
2207,622,1063
2208,622,1236
2209,622,1362
2210,623,200
2211,623,1979
2212,624,197
2213,624,1652
2214,624,1795
2215,625,1661
2216,625,2107
2217,626,1518
2218,626,1744
2219,626,1830
2220,626,1966
2221,626,1998
2222,626,2026
2223,626,2058
2224,626,2343
2225,626,2851
2226,627,2615
2227,628,1442
2228,629,2848
2229,630,2974
2230,631,1545
2231,631,1814
2232,631,1905
2233,631,2384
2234,632,1915
2235,633,2307
2236,634,2067
2237,635,2138
2238,636,1112
2239,637,2080
2240,638,755
2241,638,1046
2242,638,1307
2243,639,1994
2244,640,2374
2245,641,2937
2246,641,3001
2247,642,12
2248,643,350
2249,643,353
2250,643,646
2251,643,651
2252,643,1372
2253,643,1381
2254,644,1154
2255,645,796
2256,645,1408
2257,646,227
2258,646,2474
2259,647,2043
2260,647,2354
2261,648,1928
2262,649,389
2263,649,1816
2264,649,1824
2265,649,1835
2266,650,1851
2267,650,1870
2268,650,1898
2269,650,1910
2270,650,1933
2271,651,291
2272,652,2198
2273,653,622
2274,653,3123
2275,653,3133
2276,654,1349
2277,655,2739
2278,655,2766
2279,655,2780
2280,655,2790
2281,655,2800
2282,656,1351
2283,657,109
2284,658,1701
2285,659,1772
2286,659,1864
2287,659,2021
2288,659,2054
2289,659,2360
2290,659,2859
2291,660,1709
2292,661,1980
2293,662,1706
2294,662,2668
2295,663,2665
2296,664,1932
2297,665,482
2298,665,1708
2299,666,1690
2300,667,2981
2301,667,3114
2302,668,102
2303,669,806
2304,669,809
2305,669,1211
2306,670,2366
2307,671,1918
2308,672,186
2309,672,280
2310,673,2010
2311,674,2523
2312,675,624
2313,675,3127
2314,675,3135
2315,676,1887
2316,677,2854
2317,678,2028
2318,678,2074
2319,678,2532
2320,679,2596
2321,680,2749
2322,681,1634
2323,682,2836
2324,683,2270
2325,684,1478
2326,684,1547
2327,684,2056
2328,684,2362
2329,684,2418
2330,684,2465
2331,684,2758
2332,685,1724
2333,686,745
2334,687,387
2335,687,1702
2336,687,1734
2337,687,1751
2338,687,3027
2339,687,3143
2340,688,1743
2341,689,101
2342,689,2500
2343,690,53
2344,690,213
2345,691,114
2346,691,175
2347,691,215
2348,691,226
2349,691,246
2350,691,282
2351,691,286
2352,691,300
2353,691,323
2354,691,333
2355,691,362
2356,691,373
2357,691,437
2358,691,445
2359,691,449
2360,691,473
2361,691,476
2362,691,493
2363,691,501
2364,691,507
2365,691,530
2366,691,544
2367,691,548
2368,691,558
2369,691,563
2370,691,568
2371,691,574
2372,691,579
2373,691,583
2374,691,588
2375,691,594
2376,691,601
2377,691,608
2378,691,623
2379,691,629
2380,691,645
2381,691,647
2382,691,650
2383,691,657
2384,691,669
2385,691,673
2386,691,680
2387,691,684
2388,691,715
2389,691,723
2390,691,762
2391,691,768
2392,691,771
2393,691,776
2394,691,781
2395,691,804
2396,691,818
2397,691,841
2398,691,847
2399,691,859
2400,691,872
2401,691,884
2402,691,911
2403,691,915
2404,691,919
2405,691,926
2406,691,929
2407,691,932
2408,691,939
2409,691,943
2410,691,950
2411,691,954
2412,691,965
2413,691,973
2414,691,980
2415,691,987
2416,691,994
2417,691,1001
2418,691,1006
2419,691,1012
2420,691,1053
2421,691,1059
2422,691,1069
2423,691,1079
2424,691,1087
2425,691,1096
2426,691,1101
2427,691,1109
2428,691,1119
2429,691,1128
2430,691,1131
2431,691,1140
2432,691,1165
2433,691,1177
2434,691,1186
2435,691,1195
2436,691,1232
2437,691,1243
2438,691,1250
2439,691,1254
2440,691,1262
2441,691,1265
2442,691,1270
2443,691,1279
2444,691,1298
2445,691,1316
2446,691,1321
2447,691,1325
2448,691,1333
2449,691,1339
2450,691,1365
2451,691,1374
2452,691,1383
2453,691,1413
2454,691,1421
2455,691,1429
2456,691,1456
2457,691,1461
2458,691,1464
2459,691,1474
2460,691,1483
2461,691,1485
2462,691,1489
2463,691,1514
2464,691,1538
2465,691,1546
2466,691,1550
2467,691,1556
2468,691,1568
2469,691,1582
2470,691,1586
2471,691,1598
2472,691,1603
2473,691,1610
2474,691,1612
2475,691,1617
2476,691,1637
2477,691,1646
2478,691,1685
2479,691,1697
2480,691,1699
2481,691,1703
2482,691,1718
2483,691,1738
2484,691,1762
2485,691,1782
2486,691,1787
2487,691,1806
2488,691,1810
2489,691,1828
2490,691,1841
2491,691,1854
2492,691,1859
2493,691,1876
2494,691,1916
2495,691,1940
2496,691,1947
2497,691,1995
2498,691,2012
2499,691,2051
2500,691,2112
2501,691,2156
2502,691,2163
2503,691,2173
2504,691,2179
2505,691,2188
2506,691,2203
2507,691,2210
2508,691,2217
2509,691,2252
2510,691,2264
2511,691,2267
2512,691,2328
2513,691,2403
2514,691,2415
2515,691,2438
2516,691,2449
2517,691,2457
2518,691,2461
2519,691,2468
2520,691,2537
2521,691,2552
2522,691,2554
2523,691,2557
2524,691,2583
2525,691,2595
2526,691,2648
2527,691,2650
2528,691,2663
2529,691,2687
2530,691,2689
2531,691,2692
2532,691,2708
2533,691,2719
2534,691,2733
2535,691,2743
2536,691,2750
2537,691,2754
2538,691,2774
2539,691,2810
2540,691,2818
2541,691,2823
2542,691,2828
2543,691,2834
2544,691,2844
2545,691,2862
2546,691,2871
2547,691,2883
2548,691,2885
2549,691,2909
2550,691,2939
2551,691,3003
2552,691,3012
2553,691,3042
2554,691,3047
2555,691,3052
2556,691,3055
2557,691,3063
2558,691,3072
2559,691,3085
2560,691,3091
2561,691,3102
2562,691,3105
2563,691,3155
2564,691,3164
2565,692,408
2566,692,2281
2567,692,2300
2568,692,2309
2569,692,2320
2570,692,2329
2571,692,2363
2572,693,429
2573,693,2390
2574,693,2630
2575,693,2639
2576,693,2675
2577,694,2304
2578,694,2341
2579,695,3
2580,695,19
2581,695,30
2582,695,103
2583,695,119
2584,695,155
2585,695,167
2586,695,233
2587,695,254
2588,695,263
2589,695,303
2590,695,327
2591,695,391
2592,695,424
2593,695,465
2594,695,534
2595,695,539
2596,695,617
2597,695,663
2598,695,1423
2599,695,1513
2600,695,1605
2601,695,1659
2602,695,1790
2603,695,1818
2604,695,1902
2605,695,2087
2606,695,2092
2607,695,2145
2608,695,2258
2609,695,2395
2610,695,2567
2611,695,2574
2612,695,2590
2613,695,2655
2614,695,2658
2615,695,2724
2616,695,2831
2617,695,2926
2618,695,2935
2619,695,2948
2620,695,3037
2621,695,3169
2622,696,2680
2623,697,923
2624,698,2620
2625,699,2126
2626,700,3087
2627,701,108
2628,702,869
2629,703,937
2630,704,1061
2631,705,1370
2632,705,2149
2633,706,436
2634,706,454
2635,706,576
2636,706,709
2637,706,717
2638,706,719
2639,706,727
2640,706,730
2641,706,975
2642,706,977
2643,706,982
2644,706,984
2645,706,989
2646,706,991
2647,706,996
2648,706,1003
2649,706,1009
2650,706,1014
2651,706,1016
2652,706,1274
2653,706,2162
2654,706,2167
2655,706,2171
2656,706,2707
2657,706,2897
2658,706,2907
2659,706,2911
2660,707,2646
2661,707,3008
2662,707,3059
2663,707,3070
2664,708,3090
2665,709,1435
2666,710,2495
2667,711,2886
2668,712,835
2669,713,800
2670,714,1028
2671,715,1623
2672,716,2889
2673,717,3182
2674,718,6
2675,719,137
2676,719,141
2677,719,146
2678,719,150
2679,720,2335
2680,721,450
2681,721,2863
2682,721,2873
2683,722,2011
2684,723,179
2685,724,10
2686,724,13
2687,725,2306
2688,725,2383
2689,726,3017
2690,726,3023
2691,726,3029
2692,727,587
2693,727,1308
2694,728,870
2695,729,1375
2696,729,1384
2697,729,2649
2698,729,3073
2699,729,3156
2700,730,2477
2701,731,1311
2702,731,2401
2703,731,3065
2704,731,3068
2705,732,848
2706,732,1142
2707,732,1866
2708,733,3051
2709,734,2693
2710,735,1347
2711,736,3174
2712,737,2454
2713,738,1741
2714,739,45
2715,739,245
2716,739,287
2717,739,380
2718,739,1535
2719,739,1728
2720,739,1992
2721,739,2015
2722,739,2077
2723,739,2755
2724,739,3103
2725,740,395
2726,740,1963
2727,740,1969
2728,740,2041
2729,741,3113
2730,742,1173
2731,743,2690
2732,744,1431
2733,744,2746
2734,745,318
2735,745,461
2736,746,347
2737,746,356
2738,746,644
2739,746,649
2740,746,1239
2741,746,1387
2742,747,458
2743,747,2928
2744,748,1811
2745,749,1914
2746,749,1921
2747,749,1927
2748,749,1959
2749,750,2900
2750,751,854
2751,752,1621
2752,752,1635
2753,753,856
2754,753,1227
2755,753,1234
2756,753,1338
2757,753,1412
2758,753,1417
2759,754,803
2760,754,1080
2761,754,1334
2762,755,1636
2763,756,223
2764,756,494
2765,756,1280
2766,756,1395
2767,756,1508
2768,756,2195
2769,756,2224
2770,756,2231
2771,757,2191
2772,758,2584
2773,759,734
2774,759,739
2775,759,1018
2776,759,1023
2777,759,1034
2778,759,1065
2779,759,1299
2780,759,1306
2781,759,3035
2782,760,78
2783,760,352
2784,760,355
2785,760,648
2786,760,1380
2787,760,1386
2788,761,80
2789,761,85
2790,761,343
2791,761,346
2792,761,349
2793,761,640
2794,761,643
2795,761,905
2796,761,1238
2797,761,1371
2798,761,2265
2799,762,62
2800,762,217
2801,763,474
2802,763,2416
2803,764,361
2804,764,1420
2805,764,1428
2806,765,860
2807,765,1414
2808,766,793
2809,766,1368
2810,766,1410
2811,767,2001
2812,768,1466
2813,768,1472
2814,768,1487
2815,769,365
2816,769,1444
2817,769,1450
2818,769,1458
2819,769,1496
2820,769,1520
2821,770,1692
2822,771,4
2823,771,20
2824,771,34
2825,771,120
2826,771,156
2827,771,160
2828,771,264
2829,771,328
2830,771,392
2831,771,425
2832,771,466
2833,771,535
2834,771,540
2835,771,618
2836,771,664
2837,771,1424
2838,771,1606
2839,771,1660
2840,771,1791
2841,771,1819
2842,771,1903
2843,771,2088
2844,771,2259
2845,771,2396
2846,771,2422
2847,771,2539
2848,771,2568
2849,771,2575
2850,771,2591
2851,771,2625
2852,771,2659
2853,771,2927
2854,771,2936
2855,771,3018
2856,771,3024
2857,771,3030
2858,771,3038
2859,771,3095
2860,771,3107
2861,771,3115
2862,771,3131
2863,771,3140
2864,771,3162
2865,772,525
2866,772,2239
2867,773,310
2868,773,1278
2869,774,593
2870,774,815
2871,774,820
2872,774,823
2873,774,827
2874,774,830
2875,774,1074
2876,774,1085
2877,774,1091
2878,774,1104
2879,774,1114
2880,774,1123
2881,774,1135
2882,774,1148
2883,774,1150
2884,774,1152
2885,774,1156
2886,774,1158
2887,774,1160
2888,774,1169
2889,774,1181
2890,774,1190
2891,774,1199
2892,774,1206
2893,774,1214
2894,774,1220
2895,774,1221
2896,774,1567
2897,774,2773
2898,774,3094
2899,775,241
2900,775,259
2901,775,297
2902,775,2052
2903,775,2180
2904,776,58
2905,776,66
2906,776,74
2907,776,94
2908,777,777
2909,777,1271
2910,778,2829
2911,779,2292
2912,780,478
2913,780,2009
2914,780,2017
2915,781,2215
2916,782,1755
2917,783,1639
2918,784,311
2919,785,2069
2920,786,1977
2921,787,198
2922,787,517
2923,787,552
2924,787,1438
2925,787,1499
2926,787,1707
2927,787,1752
2928,787,1907
2929,787,1938
2930,787,1953
2931,787,1973
2932,787,2063
2933,787,2228
2934,787,2289
2935,787,2312
2936,787,2323
2937,787,2331
2938,787,2369
2939,787,2471
2940,787,2613
2941,787,2728
2942,787,2849
2943,787,2877
2944,788,2310
2945,789,2441
2946,790,178
2947,791,2875
2948,792,2842
2949,793,883
2950,794,1491
2951,795,2887
2952,796,2111
2953,796,2839
2954,796,2892
2955,797,630
2956,797,909
2957,797,1050
2958,797,1077
2959,797,1094
2960,797,1107
2961,797,1117
2962,797,1126
2963,797,1138
2964,797,1163
2965,797,1172
2966,797,1184
2967,797,1193
2968,797,1202
2969,797,1209
2970,797,1217
2971,798,332
2972,798,607
2973,798,656
2974,799,2594
2975,800,3121
2976,801,324
2977,801,531
2978,801,2035
2979,801,2064
2980,802,2148
2981,803,2884
2982,804,1130
2983,805,2737
2984,805,2764
2985,805,2778
2986,805,2788
2987,805,2798
2988,806,2166
2989,807,174
2990,808,2882
2991,809,807
2992,809,851
2993,809,1098
2994,809,1132
2995,809,1310
2996,809,1335
2997,810,1742
2998,810,1890
2999,810,1922
3000,810,1925
3001,810,1978
3002,810,1982
3003,810,2034
3004,810,2037
3005,810,2140
3006,810,2234
3007,811,111
3008,811,1449
3009,811,1503
3010,811,1955
3011,811,2089
3012,811,2326
3013,811,2377
3014,811,2872
3015,812,314
3016,812,317
3017,812,545
3018,812,2720
3019,813,556
3020,814,455
3021,815,597
3022,816,89
3023,817,84
3024,818,457
3025,818,1457
3026,818,2815
3027,819,599
3028,820,1479
3029,821,542
3030,822,603
3031,823,32
3032,823,469
3033,824,1426
3034,825,1528
3035,826,2765
3036,827,2400
3037,828,133
3038,828,1897
3039,829,2515
3040,830,2962
3041,831,319
3042,831,1783
3043,831,1847
3044,832,561
3045,833,1490
3046,834,2779
3047,834,2789
3048,834,2799
3049,835,2964
3050,835,2969
3051,836,2971
3052,836,2976
3053,837,2978
3054,837,2983
3055,837,2985
3056,837,2990
3057,838,2992
3058,838,2998
3059,839,1470
3060,840,127
3061,840,504
3062,840,1777
3063,841,627
3064,842,1553
3065,843,329
3066,844,566
3067,845,336
3068,846,339
3069,847,342
3070,848,345
3071,849,348
3072,850,351
3073,851,354
3074,852,81
3075,853,123
3076,853,136
3077,853,145
3078,854,357
3079,855,1506
3080,856,571
3081,857,360
3082,858,364
3083,859,366
3084,860,369
3085,861,2128
3086,862,299
3087,863,185
3088,863,279
3089,864,71
3090,865,100
3091,865,2499
3092,866,375
3093,867,577
3094,868,129
3095,868,140
3096,868,149
3097,869,508
3098,869,1516
3099,869,2697
3100,870,79
3101,870,202
3102,871,125
3103,872,1486
3104,873,131
3105,874,378
3106,875,581
3107,876,381
3108,877,388
3109,878,393
3110,879,397
3111,880,400
3112,880,498
3113,880,2512
3114,880,2819
3115,881,586
3116,882,403
3117,883,407
3118,884,410
3119,885,413
3120,886,418
3121,887,55
3122,887,211
3123,888,426
3124,888,2715
3125,889,590
3126,890,2738
3127,891,91
3128,891,229
3129,892,2577
3130,893,138
3131,893,147
3132,894,432
3133,894,2905
3134,895,592
3135,896,439
3136,897,442
3137,898,447
3138,899,452
3139,900,63
3140,900,216
3141,901,87
3142,902,142
3143,902,151
3144,903,702
3145,903,705
3146,903,710
3147,903,720
3148,903,728
3149,903,735
3150,903,740
3151,903,744
3152,903,750
3153,903,753
3154,903,757
3155,903,765
3156,903,774
3157,903,790
3158,903,816
3159,903,824
3160,903,831
3161,903,844
3162,903,894
3163,903,899
3164,903,2963
3165,903,2970
3166,903,2977
3167,903,2984
3168,903,2991
3169,904,3116
3170,904,3118
3171,904,3120
3172,904,3122
3173,904,3124
3174,904,3126
3175,904,3132
3176,904,3134
3177,904,3136
3178,905,1704
3179,906,126
3180,906,132
3181,907,134
3182,908,128
