,Id,Token
0,0,دانشگاه
1,1,آزاد
2,2,اسلامی
3,3,واحد
4,4,کرج
5,5,از
6,6,ویکیپدیا
7,7,،
8,8,دانشنامهٔ
9,9,آزاد
10,10,پرش
11,11,به
12,12,ناوبری
13,13,پرش
14,14,به
15,15,جستجو
16,16,دانشگاه
17,17,آزاد
18,18,اسلامی
19,19,واحد
20,20,کرج
21,21,دانشگاه
22,22,آزاد
23,23,اسلامی
24,24,آرمان
25,25,ایرانی
26,26,برای
27,27,جهانی
28,28,شدن
29,29,مشخصات
30,30,واحد
31,31,بنیانگذاری
32,32,۱۳۶۳
33,33,شهر
34,34,کرج
35,35,ریٔیس
36,36,محمد
37,37,حسن
38,38,برهانی
39,39,فر
40,40,معاون
41,41,آموزشی
42,42,حسن
43,43,شوندی
44,44,معاون
45,45,پژوهشی
46,46,سید
47,47,حامد
48,48,ثابت
49,49,معاون
50,50,دانشجویی
51,51,ابراهیم
52,52,اکبری
53,53,هییٔت
54,54,علمی
55,55,۷۰۰
56,56,(
57,57,در
58,58,کل
59,59,استان
60,60,البرز
61,61,)
62,62,کارمندان
63,63,۹۰۰
64,64,(
65,65,در
66,66,کل
67,67,استان
68,68,البرز
69,69,)
70,70,دانشجویان
71,71,۴۵۰۰۰
72,72,(
73,73,در
74,74,کل
75,75,استان
76,76,البرز
77,77,)
78,78,کاردانی
79,79,۵۰۰۰
80,80,کارشناسی
81,81,۳۰۰۰۰
82,82,تحصیلات
83,83,تکمیلی
84,84,۱۰۰۰۰
85,85,کارشناسی
86,86,ارشد
87,87,۹۰۰۰
88,88,دکترا
89,89,۱۰۰۰
90,90,دانشآموختگان
91,91,۸۰۰۰۰
92,92,(
93,93,در
94,94,کل
95,95,استان
96,96,البرز
97,97,)
98,98,فضای
99,99,آموزشی
100,100,۴۷
101,101,هکتار
102,102,نوع
103,103,واحد
104,104,جامع
105,105,الف
106,106,منطقه
107,107,شهری
108,108,وبگاه
109,109,نمایی
110,110,از
111,111,یکی
112,112,از
113,113,خیابانها
114,114,و
115,115,مسجد
116,116,دانشگاه
117,117,آزاد
118,118,اسلامی
119,119,واحد
120,120,کرج
121,121,مختصات
122,122,:
123,123,۳۵
124,124,°
125,125,۵۱
126,126,′
127,127,۲۵
128,128,′′شمالی
129,129,۵۰
130,130,°
131,131,۵۹
132,132,′
133,133,۱۸
134,134,′′شرقی
135,135,/
136,136,۳۵
137,137,٫
138,138,۸۵۶۹
139,139,°شمالی
140,140,۵۰
141,141,٫
142,142,۹۸۸۲
143,143,°شرقی
144,144,/
145,145,۳۵
146,146,٫
147,147,۸۵۶۹
148,148,;
149,149,۵۰
150,150,٫
151,151,۹۸۸۲
152,152,دانشگاه
153,153,آزاد
154,154,اسلامی
155,155,واحد
156,156,کرج
157,157,دانشگاهی
158,158,غیردولتی
159,159,در
160,160,کرج
161,161,،
162,162,استان
163,163,البرز
164,164,است
165,165,.
166,166,این
167,167,واحد
168,168,دانشگاه
169,169,آزاد
170,170,اسلامی
171,171,در
172,172,شمال
173,173,شرقی
174,174,گوهردشت
175,175,و
176,176,در
177,177,دامنه
178,178,کوه
179,179,پایههای
180,180,البرز
181,181,قرار
182,182,دارد
183,183,.
184,184,حدود
185,185,۴۵
186,186,هزار
187,187,دانشجو
188,188,در
189,189,دانشگاه
190,190,آزاد
191,191,اسلامی
192,192,استان
193,193,البرز
194,194,مشغول
195,195,به
196,196,تحصیل
197,197,میباشند
198,198,که
199,199,بهطور
200,200,میانگین
201,201,روزانه
202,202,۵۰۰۰
203,203,دانشجو
204,204,در
205,205,مجتمع
206,206,اصلی
207,207,دانشگاه
208,208,حضور
209,209,دارند
210,210,.
211,211,۷۰۰
212,212,عضو
213,213,هییٔت
214,214,علمی
215,215,و
216,216,۹۰۰
217,217,کارمند
218,218,در
219,219,بخشهای
220,220,مختلف
221,221,دانشگاه
222,222,به
223,223,کار
224,224,اشتغال
225,225,دارند
226,226,و
227,227,نزدیک
228,228,به
229,229,۸۰۰۰۰
230,230,دانشجو
231,231,از
232,232,این
233,233,واحد
234,234,دانش
235,235,آموخته
236,236,شدهاند
237,237,.
238,238,حضور
239,239,استادان
240,240,برتر
241,241,کشور
242,242,،
243,243,ایجاد
244,244,مراکز
245,245,پژوهشی
246,246,و
247,247,آزمایشگاههای
248,248,تخصصی
249,249,؛
250,250,این
251,251,دانشگاه
252,252,را
253,253,جزو
254,254,واحدهای
255,255,برتر
256,256,دانشگاههای
257,257,آزاد
258,258,اسلامی
259,259,کشور
260,260,قرار
261,261,دادهاست
262,262,.
263,263,واحد
264,264,کرج
265,265,دارای
266,266,رتبه
267,267,جامع
268,268,الف
269,269,است
270,270,.
271,271,دانشگاه
272,272,آزاد
273,273,اسلامی
274,274,استان
275,275,البرز
276,276,با
277,277,دارا
278,278,بودن
279,279,۴۵
280,280,هزار
281,281,دانشجو
282,282,و
283,283,فضاهای
284,284,مناسب
285,285,آموزشی
286,286,و
287,287,پژوهشی
288,288,،
289,289,توانسته
290,290,در
291,291,نظام
292,292,رتبهبندی
293,293,سایماگو
294,294,در
295,295,بین
296,296,دانشگاه‌های
297,297,کشور
298,298,رتبه
299,299,۴۳
300,300,و
301,301,در
302,302,بین
303,303,واحدهای
304,304,دانشگاه
305,305,آزاد
306,306,اسلامی
307,307,رتبه
308,308,سوم
309,309,را
310,310,کسب
311,311,کند
312,312,.
313,313,[
314,314,۱
315,315,]
316,316,محتویات
317,317,۱
318,318,پیشینه
319,319,۲
320,320,دانشکدهها
321,321,،
322,322,مراکز
323,323,و
324,324,گروههای
325,325,آموزشی
326,326,مستقل
327,327,واحد
328,328,کرج
329,329,۳
330,330,رشتهها
331,331,،
332,332,گرایش‌ها
333,333,و
334,334,مقاطع
335,335,تحصیلی
336,336,۳٫۱
337,337,دکتری
338,338,تخصصی
339,339,۳٫۲
340,340,دکتری
341,341,حرفهای
342,342,۳٫۳
343,343,کارشناسی
344,344,ارشد
345,345,۳٫۴
346,346,کارشناسی
347,347,پیوسته
348,348,۳٫۵
349,349,کارشناسی
350,350,ناپیوسته
351,351,۳٫۶
352,352,کاردانی
353,353,ناپیوسته
354,354,۳٫۷
355,355,کاردانی
356,356,پیوسته
357,357,۴
358,358,امکانات
359,359,آموزشی
360,360,۴٫۱
361,361,کارگاهها
362,362,و
363,363,آزمایشگاهها
364,364,۴٫۲
365,365,کتابخانهها
366,366,۴٫۳
367,367,سایت
368,368,رایانهای
369,369,۴٫۴
370,370,لابراتوارهای
371,371,زبان
372,372,انگلیسی
373,373,و
374,374,عربی
375,375,۵
376,376,فعالیتهای
377,377,فوقبرنامه
378,378,۶
379,379,فعالیتهای
380,380,پژوهشی
381,381,۶٫۱
382,382,انجمنهای
383,383,علمی
384,384,،
385,385,فرهنگی
386,386,،
387,387,هنری
388,388,۶٫۲
389,389,نشریات
390,390,دانشجویی
391,391,واحد
392,392,کرج
393,393,۶٫۳
394,394,باشگاه
395,395,پژوهشگران
396,396,جوان
397,397,۶٫۴
398,398,سمینارهای
399,399,علمی
400,400,۷
401,401,تسهیلات
402,402,رفاهی
403,403,۷٫۱
404,404,مرکز
405,405,مشاوره
406,406,دانشجویی
407,407,۷٫۲
408,408,وام
409,409,دانشجویی
410,410,۷٫۳
411,411,درمانگاه
412,412,سیدالشهدا
413,413,۷٫۴
414,414,اتوبوسهای
415,415,رایگان
416,416,داخل
417,417,مجتمع
418,418,۷٫۵
419,419,تور
420,420,مجازی
421,421,دانشگاه
422,422,آزاد
423,423,اسلامی
424,424,واحد
425,425,کرج
426,426,۸
427,427,مدارس
428,428,سما
429,429,وابسته
430,430,به
431,431,دانشگاه
432,432,۹
433,433,اماکن
434,434,فرهنگی
435,435,،
436,436,ورزشی
437,437,و
438,438,رفاهی
439,439,۹٫۱
440,440,سالنهای
441,441,اجتماعات
442,442,۹٫۲
443,443,سالنهای
444,444,غذاخوری
445,445,و
446,446,بوفهها
447,447,۹٫۳
448,448,آلاچیق
449,449,و
450,450,پارک
451,451,جنگلی
452,452,۹٫۴
453,453,امکانات
454,454,ورزشی
455,455,۱۰
456,456,منابع
457,457,۱۱
458,458,پیوند
459,459,به
460,460,بیرون
461,461,پیشینه
462,462,دانشگاه
463,463,آزاد
464,464,اسلامی
465,465,واحد
466,466,کرج
467,467,در
468,468,سال
469,469,۱۳۶۳
470,470,با
471,471,تلاش
472,472,استادان
473,473,و
474,474,کارکنان
475,475,خود
476,476,و
477,477,بدون
478,478,کمک
479,479,مالی
480,480,از
481,481,جانب
482,482,نهادهای
483,483,دولتی
484,484,،
485,485,تنها
486,486,با
487,487,تکیه
488,488,بر
489,489,شهریههای
490,490,دانشجویان
491,491,تأسیس
492,492,شد
493,493,و
494,494,کار
495,495,خود
496,496,را
497,497,با
498,498,۷
499,499,رشته
500,500,تحصیلی
501,501,و
502,502,استفاده
503,503,از
504,504,۲۵
505,505,مدرس
506,506,حقالتدریسی
507,507,و
508,508,۵۰۰
509,509,دانشجو
510,510,در
511,511,باغی
512,512,در
513,513,سه
514,514,راه
515,515,عظیمیه
516,516,(
517,517,که
518,518,اینک
519,519,آموزشکده
520,520,سما
521,521,خواهران
522,522,است
523,523,)
524,524,آغاز
525,525,کرد
526,526,.
527,527,دانشکدهها
528,528,،
529,529,مراکز
530,530,و
531,531,گروههای
532,532,آموزشی
533,533,مستقل
534,534,واحد
535,535,کرج
536,536,دانشگاه
537,537,آزاد
538,538,اسلامی
539,539,واحد
540,540,کرج
541,541,دارای
542,542,۱۲
543,543,دانشکده
544,544,و
545,545,۱
546,546,آموزشکده
547,547,فنی
548,548,و
549,549,حرفهای
550,550,سما
551,551,است
552,552,که
553,553,عبارتند
554,554,از
555,555,:
556,556,۱.
557,557,ادبیات
558,558,و
559,559,علوم
560,560,انسانی
561,561,۲.
562,562,الهیات
563,563,و
564,564,معارف
565,565,اسلامی
566,566,۳.
567,567,روانشناسی
568,568,و
569,569,علوم
570,570,تربیتی
571,571,۴.
572,572,تربیت
573,573,بدنی
574,574,و
575,575,علوم
576,576,ورزشی
577,577,۵.
578,578,مدیریت
579,579,و
580,580,حسابداری
581,581,۶.
582,582,حقوق
583,583,و
584,584,علوم
585,585,سیاسی
586,586,۷.
587,587,پرستاری
588,588,و
589,589,مامایی
590,590,۸.
591,591,دامپزشکی
592,592,۹.
593,593,کشاورزی
594,594,و
595,595,منابع
596,596,طبیعی
597,597,۱۰.
598,598,علوم
599,599,۱۱.
600,600,فنی
601,601,و
602,602,مهندسی
603,603,۱۲.
604,604,مکاترونیک
605,605,رشتهها
606,606,،
607,607,گرایش‌ها
608,608,و
609,609,مقاطع
610,610,تحصیلی
611,611,دانشگاه
612,612,آزاد
613,613,اسلامی
614,614,استان
615,615,البرز
616,616,(
617,617,واحد
618,618,کرج
619,619,،
620,620,سما
621,621,،
622,622,نظرآباد
623,623,و
624,624,هشتگرد
625,625,)
626,626,دارای
627,627,۲۵۰
628,628,رشته
629,629,و
630,630,گرایش
631,631,تحصیلی
632,632,در
633,633,مقاطع
634,634,دکتری
635,635,تخصصی
636,636,،
637,637,دکترای
638,638,حرفهای
639,639,،
640,640,کارشناسی
641,641,ارشد
642,642,،
643,643,کارشناسی
644,644,پیوسته
645,645,و
646,646,ناپیوسته
647,647,و
648,648,کاردانی
649,649,پیوسته
650,650,و
651,651,ناپیوسته
652,652,است
653,653,.
654,654,رشته
655,655,-
656,656,گرایشها
657,657,و
658,658,مقاطع
659,659,تحصیلی
660,660,دانشگاه
661,661,آزاد
662,662,اسلامی
663,663,واحد
664,664,کرج
665,665,:
666,666,دکتری
667,667,تخصصی
668,668,زبان
669,669,و
670,670,ادبیات
671,671,فارسی
672,672,زبان
673,673,و
674,674,ادبیات
675,675,فارسی
676,676,-
677,677,ادبیات
678,678,عرفانی
679,679,زبان
680,680,و
681,681,ادبیات
682,682,عرب
683,683,زبان
684,684,و
685,685,ادبیات
686,686,انگلیسی
687,687,آموزش
688,688,زبان
689,689,انگلیسی
690,690,روانشناسی
691,691,عمومی
692,692,روانشناسی
693,693,سلامت
694,694,مدیریت
695,695,آموزشی
696,696,مدیریت
697,697,آموزش
698,698,عالی
699,699,حسابداری
700,700,مدیریت
701,701,صنعتی
702,702,–
703,703,مالی
704,704,مالی
705,705,–
706,706,مهندس
707,707,مالی
708,708,مدیریت
709,709,ورزشی
710,710,–
711,711,مدیریت
712,712,راهبردی
713,713,در
714,714,سازمانها
715,715,و
716,716,رویدادهای
717,717,ورزشی
718,718,مدیریت
719,719,ورزشی
720,720,–
721,721,مدیریت
722,722,بازاریابی
723,723,و
724,724,رسانهها
725,725,درورزش
726,726,فیزیولوژی
727,727,ورزشی
728,728,–
729,729,فیزیولوژی
730,730,ورزشی
731,731,عصبی
732,732,عضلانی
733,733,ریاضی
734,734,کاربردی
735,735,–
736,736,تحقیق
737,737,درعملیات
738,738,ریاضی
739,739,کاربردی
740,740,–
741,741,آنالیز
742,742,عددی
743,743,ریاضی
744,744,–
745,745,هندسه
746,746,(
747,747,توپولوژی
748,748,)
749,749,ریاضی
750,750,–
751,751,آنالیز
752,752,ریاضی
753,753,–
754,754,جبر
755,755,میکروبیولوژی
756,756,شیمی
757,757,–
758,758,شیمی
759,759,آلی
760,760,فیزیک
761,761,الهیات
762,762,و
763,763,معارف
764,764,اسلامی
765,765,–
766,766,علوم
767,767,قرآن
768,768,و
769,769,حدیث
770,770,الهیات
771,771,و
772,772,معارف
773,773,اسلامی
774,774,–
775,775,فلسفه
776,776,و
777,777,کلام
778,778,اسلامی
779,779,عرفان
780,780,اسلامی
781,781,و
782,782,اندیشههای
783,783,امام
784,784,خمینی
785,785,(
786,786,ره
787,787,)
788,788,مهندسی
789,789,برق
790,790,–
791,791,قدرت
792,792,مهندسی
793,793,کامپیوتر
794,794,-
795,795,سیستمهای
796,796,نرم
797,797,افزاری
798,798,مهندسی
799,799,متالورژی
800,800,ومواد
801,801,معماری
802,802,زراعت
803,803,ژنتیک
804,804,و
805,805,به
806,806,نژادی
807,807,گیاهی
808,808,اصلاح
809,809,نژاد
810,810,دام
811,811,تغذیه
812,812,دام
813,813,مهندسی
814,814,اقتصاد
815,815,کشاورزی
816,816,–
817,817,سیاست
818,818,و
819,819,توسعه
820,820,کشاورزی
821,821,مهندسی
822,822,اقتصاد
823,823,کشاورزی
824,824,–
825,825,بازاریابی
826,826,محصولات
827,827,کشاورزی
828,828,مهندسی
829,829,اقتصاد
830,830,کشاورزی
831,831,–
832,832,اقتصاد
833,833,منابع
834,834,طبیعی
835,835,ومحیط
836,836,زیست
837,837,مدیریت
838,838,منابع
839,839,خاک
840,840,علوم
841,841,و
842,842,مهندسی
843,843,باغبانی
844,844,–
845,845,فیزیولوژی
846,846,تولید
847,847,و
848,848,پس
849,849,از
850,850,برداشت
851,851,گیاهان
852,852,باغبانی
853,853,فرآوردههای
854,854,چند
855,855,سازه
856,856,چوب
857,857,صنایع
858,858,خمیر
859,859,و
860,860,کاغذ
861,861,انگلشناسی
862,862,دامپزشکی
863,863,جراحی
864,864,دامپزشکی
865,865,(
866,866,دستیاری
867,867,)
868,868,بهداشت
869,869,وبیماریهای
870,870,پرندگان
871,871,مامایی
872,872,و
873,873,بیماریهای
874,874,تولید
875,875,مثل
876,876,دام
877,877,(
878,878,دستیاری
879,879,)
880,880,حقوق
881,881,خصوصی
882,882,حقوق
883,883,کیفری
884,884,و
885,885,جرم
886,886,شناسی
887,887,حقوق
888,888,بینالملل
889,889,عمومی
890,890,روابط
891,891,بینالملل
892,892,علوم
893,893,سیاسی
894,894,–
895,895,اندیشههای
896,896,سیاسی
897,897,علوم
898,898,سیاسی
899,899,–
900,900,مسایٔل
901,901,ایران
902,902,دکتری
903,903,حرفهای
904,904,دامپزشکی
905,905,کارشناسی
906,906,ارشد
907,907,مهندسی
908,908,عمران
909,909,گرایش
910,910,مهندسی
911,911,و
912,912,مدیریت
913,913,ساخت
914,914,زبان
915,915,و
916,916,ادبیات
917,917,فارسی
918,918,زبان
919,919,و
920,920,ادبیات
921,921,عرب
922,922,زبان
923,923,وادبیات
924,924,انگلیسی
925,925,الهیات
926,926,و
927,927,معارف
928,928,ادیان
929,929,و
930,930,عرفان
931,931,الهیات
932,932,و
933,933,معارف
934,934,اسلامی
935,935,علوم
936,936,قران
937,937,وحدیث
938,938,الهیات
939,939,و
940,940,معارف
941,941,اسلامی
942,942,فقه
943,943,و
944,944,مبانی
945,945,حقوق
946,946,اسلامی
947,947,عرفان
948,948,اسلامی
949,949,الهیات
950,950,و
951,951,معارف
952,952,اسلامی
953,953,فلسفه
954,954,و
955,955,حکمت
956,956,اسلامی
957,957,روانشناسی
958,958,شخصیت
959,959,روابط
960,960,بینالملل
961,961,علوم
962,962,سیاسی
963,963,حقوق
964,964,جزا
965,965,و
966,966,جرم
967,967,شناسی
968,968,مدیرت
969,969,صنعتی
970,970,تولید
971,971,تربیت
972,972,بدنی
973,973,و
974,974,علوم
975,975,ورزشی
976,976,فیزیولوژی
977,977,ورزشی
978,978,تربیت
979,979,بدنی
980,980,و
981,981,علوم
982,982,ورزشی
983,983,مدیریت
984,984,ورزشی
985,985,تربیت
986,986,بدنی
987,987,و
988,988,علوم
989,989,ورزشی
990,990,بیومکانیک
991,991,ورزشی
992,992,تربیت
993,993,بدنی
994,994,و
995,995,علوم
996,996,ورزشی
997,997,رفتار
998,998,حرکتی
999,999,تربیت
1000,1000,بدنی
1001,1001,و
1002,1002,علوم
1003,1003,ورزشی
1004,1004,حرکات
1005,1005,اصلاحی
1006,1006,و
1007,1007,آسیب
1008,1008,شناسی
1009,1009,ورزشی
1010,1010,تربیت
1011,1011,بدنی
1012,1012,و
1013,1013,علوم
1014,1014,ورزشی
1015,1015,روانشناسی
1016,1016,ورزشی
1017,1017,ریاضی
1018,1018,کاربردی
1019,1019,تحقیق
1020,1020,در
1021,1021,عملیات
1022,1022,ریاضی
1023,1023,کاربردی
1024,1024,آنالیز
1025,1025,عددی
1026,1026,فیزیک
1027,1027,اتمی
1028,1028,ومولکولی
1029,1029,فیزیک
1030,1030,حالت
1031,1031,جامد
1032,1032,شیمی
1033,1033,شیمی
1034,1034,کاربردی
1035,1035,شیمی
1036,1036,شیمی
1037,1037,تجزیه
1038,1038,شیمی
1039,1039,شیمی
1040,1040,معدنی
1041,1041,شیمی
1042,1042,شیمی
1043,1043,آلی
1044,1044,زیست
1045,1045,شناسی
1046,1046,میکروبیولوژی
1047,1047,زیستشناسی
1048,1048,علوم
1049,1049,جانوری
1050,1050,گرایش
1051,1051,زیست
1052,1052,سلولی
1053,1053,و
1054,1054,تکوینی
1055,1055,م
1056,1056,صنایع
1057,1057,مدیریت
1058,1058,سیستم
1059,1059,و
1060,1060,بهره
1061,1061,وری
1062,1062,م
1063,1063,مکانیک
1064,1064,طراحی
1065,1065,کاربردی
1066,1066,م
1067,1067,مواد
1068,1068,شناسایی
1069,1069,و
1070,1070,انتخاب
1071,1071,مواد
1072,1072,مهندسی
1073,1073,م
1074,1074,کشاورزی
1075,1075,علوم
1076,1076,باغبانی
1077,1077,گرایش
1078,1078,بیوتکنولوژی
1079,1079,و
1080,1080,ژنتیک
1081,1081,مولکولی
1082,1082,محصولات
1083,1083,باغبانی
1084,1084,م
1085,1085,کشاورزی
1086,1086,علوم
1087,1087,و
1088,1088,تکنولوژی
1089,1089,بذر
1090,1090,م
1091,1091,کشاورزی
1092,1092,علوم
1093,1093,باغبانی
1094,1094,گرایش
1095,1095,فیزیولوژی
1096,1096,و
1097,1097,اصلاح
1098,1098,گیاهان
1099,1099,دارویی
1100,1100,ادویهای
1101,1101,و
1102,1102,عطری
1103,1103,م
1104,1104,کشاورزی
1105,1105,علوم
1106,1106,باغبانی
1107,1107,گرایش
1108,1108,فیزیولوژی
1109,1109,و
1110,1110,اصلاح
1111,1111,درختان
1112,1112,میوه
1113,1113,م
1114,1114,کشاورزی
1115,1115,علوم
1116,1116,باغبانی
1117,1117,گرایش
1118,1118,فیزیولوژی
1119,1119,و
1120,1120,اصلاح
1121,1121,سبزیها
1122,1122,م
1123,1123,کشاورزی
1124,1124,علوم
1125,1125,باغبانی
1126,1126,گرایش
1127,1127,فیزیولوژی
1128,1128,و
1129,1129,اصلاح
1130,1130,گل
1131,1131,و
1132,1132,گیاهان
1133,1133,زینتی
1134,1134,م
1135,1135,کشاورزی
1136,1136,علوم
1137,1137,باغبانی
1138,1138,گرایش
1139,1139,فیزیولوژی
1140,1140,و
1141,1141,فناوری
1142,1142,پس
1143,1143,از
1144,1144,برداشت
1145,1145,محصولات
1146,1146,باغبانی
1147,1147,م
1148,1148,کشاورزی
1149,1149,اقتصاد
1150,1150,کشاورزی
1151,1151,م
1152,1152,کشاورزی
1153,1153,اصلاح
1154,1154,نباتات
1155,1155,م
1156,1156,کشاورزی
1157,1157,زراعت
1158,1158,کشاورزی
1159,1159,م
1160,1160,کشاورزی
1161,1161,علوم
1162,1162,خاک
1163,1163,گرایش
1164,1164,شیمی
1165,1165,و
1166,1166,حاصلخیزی
1167,1167,خاک
1168,1168,م
1169,1169,کشاورزی
1170,1170,علوم
1171,1171,خاک
1172,1172,گرایش
1173,1173,پیدایش
1174,1174,،
1175,1175,رده
1176,1176,بندی
1177,1177,و
1178,1178,ارزیابی
1179,1179,خاک
1180,1180,م
1181,1181,کشاورزی
1182,1182,علوم
1183,1183,خاک
1184,1184,گرایش
1185,1185,فیزیک
1186,1186,و
1187,1187,حفاظت
1188,1188,خاک
1189,1189,م
1190,1190,کشاورزی
1191,1191,علوم
1192,1192,خاک
1193,1193,گرایش
1194,1194,بیولوژی
1195,1195,و
1196,1196,بیوتکنولوژی
1197,1197,خاک
1198,1198,م
1199,1199,کشاورزی
1200,1200,علوم
1201,1201,دامی
1202,1202,گرایش
1203,1203,تغذیه
1204,1204,دام
1205,1205,م
1206,1206,کشاورزی
1207,1207,علوم
1208,1208,دامی
1209,1209,گرایش
1210,1210,اصلاح
1211,1211,نژاد
1212,1212,دام
1213,1213,م
1214,1214,کشاورزی
1215,1215,علوم
1216,1216,دامی
1217,1217,گرایش
1218,1218,فیزیولوژی
1219,1219,م
1220,1220,کشاورزی
1221,1221,کشاورزی
1222,1222,اکولوژیک
1223,1223,م
1224,1224,منابع
1225,1225,طبیعی
1226,1226,صنایع
1227,1227,چوب
1228,1228,م
1229,1229,منابع
1230,1230,طبیعی
1231,1231,حفاظت
1232,1232,و
1233,1233,اصلاح
1234,1234,چوب
1235,1235,م
1236,1236,مکانیک
1237,1237,خودرو
1238,1238,کارشناسی
1239,1239,پیوسته
1240,1240,زبان
1241,1241,شناسی
1242,1242,زبان
1243,1243,و
1244,1244,ادبیات
1245,1245,فارسی
1246,1246,مترجمی
1247,1247,زبان
1248,1248,انگلیسی
1249,1249,زبان
1250,1250,و
1251,1251,ادبیات
1252,1252,انگلیسی
1253,1253,زبان
1254,1254,و
1255,1255,ادبیات
1256,1256,عرب
1257,1257,مترجمی
1258,1258,زبان
1259,1259,عربی
1260,1260,علوم
1261,1261,قرآن
1262,1262,و
1263,1263,حدیث
1264,1264,فقه
1265,1265,و
1266,1266,مبانی
1267,1267,حقوق
1268,1268,اسلامی
1269,1269,فلسفه
1270,1270,و
1271,1271,کلام
1272,1272,اسلامی
1273,1273,علوم
1274,1274,ورزشی
1275,1275,مدیریت
1276,1276,دولتی
1277,1277,مدیریت
1278,1278,کسب
1279,1279,و
1280,1280,کار
1281,1281,مدیریت
1282,1282,صنعتی
1283,1283,مدیریت
1284,1284,مالی
1285,1285,مدیریت
1286,1286,بازرگانی
1287,1287,حسابداری
1288,1288,روانشناسی
1289,1289,مشاوره
1290,1290,علوم
1291,1291,تربیتی
1292,1292,علوم
1293,1293,سیاسی
1294,1294,حقوق
1295,1295,علوم
1296,1296,قضایی
1297,1297,ریاضیات
1298,1298,و
1299,1299,کاربردها
1300,1300,فیزیک
1301,1301,فیزیک
1302,1302,مهندسی
1303,1303,زمین
1304,1304,شناسی
1305,1305,شیمی
1306,1306,کاربردی
1307,1307,میکروبیولوژی
1308,1308,پرستاری
1309,1309,مامایی
1310,1310,گیاه
1311,1311,پزشکی
1312,1312,بهداشت
1313,1313,مواد
1314,1314,غذایی
1315,1315,علوم
1316,1316,و
1317,1317,مهندسی
1318,1318,صنایع
1319,1319,غذایی
1320,1320,علوم
1321,1321,و
1322,1322,مهندسی
1323,1323,باغبانی
1324,1324,علوم
1325,1325,و
1326,1326,مهندسی
1327,1327,خاک
1328,1328,مهندسی
1329,1329,علوم
1330,1330,دامی
1331,1331,مهندسی
1332,1332,تولید
1333,1333,و
1334,1334,ژنتیک
1335,1335,گیاهی
1336,1336,مهندسی
1337,1337,صنایع
1338,1338,چوب
1339,1339,و
1340,1340,فرآوردههای
1341,1341,سلولزی
1342,1342,مهندسی
1343,1343,برق
1344,1344,مهندسی
1345,1345,شیمی
1346,1346,مهندسی
1347,1347,پلیمر
1348,1348,مهندسی
1349,1349,نفت
1350,1350,مهندسی
1351,1351,نقشه
1352,1352,برداری
1353,1353,مهندسی
1354,1354,معماری
1355,1355,مهندسی
1356,1356,شهرسازی
1357,1357,مهندسی
1358,1358,صنایع
1359,1359,مهندسی
1360,1360,عمران
1361,1361,مهندسی
1362,1362,مکانیک
1363,1363,مهندسی
1364,1364,مواد
1365,1365,و
1366,1366,متالورژی
1367,1367,مهندسی
1368,1368,کامپیوتر
1369,1369,مهندسی
1370,1370,ورزش
1371,1371,کارشناسی
1372,1372,ناپیوسته
1373,1373,آموزش
1374,1374,و
1375,1375,پرورش
1376,1376,ابتدایی
1377,1377,علوم
1378,1378,آزمایشگاهی
1379,1379,دامپزشکی
1380,1380,کاردانی
1381,1381,ناپیوسته
1382,1382,آموزش
1383,1383,و
1384,1384,پرورش
1385,1385,ابتدایی
1386,1386,کاردانی
1387,1387,پیوسته
1388,1388,حسابداری
1389,1389,الکترونیک
1390,1390,-
1391,1391,الکترونیک
1392,1392,عمومی
1393,1393,ساختمان
1394,1394,-
1395,1395,کارهای
1396,1396,عمومی
1397,1397,ساختمان
1398,1398,تاسیسات
1399,1399,-
1400,1400,تبرید
1401,1401,تاسیسات
1402,1402,-
1403,1403,تهویه
1404,1404,مطبوع
1405,1405,متالوژی
1406,1406,-
1407,1407,ریخته‌گری
1408,1408,نرم
1409,1409,افزار
1410,1410,کامپیوتر
1411,1411,صنایع
1412,1412,چوب
1413,1413,و
1414,1414,کاغذ
1415,1415,-
1416,1416,سازه‌های
1417,1417,چوبی
1418,1418,امکانات
1419,1419,آموزشی
1420,1420,کارگاهها
1421,1421,و
1422,1422,آزمایشگاهها
1423,1423,واحد
1424,1424,کرج
1425,1425,دارای
1426,1426,۱۴۰
1427,1427,باب
1428,1428,کارگاه
1429,1429,و
1430,1430,آزمایشگاه
1431,1431,پیشرفته
1432,1432,مجهز
1433,1433,به
1434,1434,آخرین
1435,1435,وسایل
1436,1436,موجود
1437,1437,است
1438,1438,که
1439,1439,به
1440,1440,دانشجویان
1441,1441,سرویس
1442,1442,میدهد
1443,1443,.
1444,1444,کتابخانهها
1445,1445,دانشگاه
1446,1446,آزاد
1447,1447,اسلامی
1448,1448,دارای
1449,1449,یک
1450,1450,کتابخانه
1451,1451,مرکزی
1452,1452,بزرگ
1453,1453,در
1454,1454,مجتمع
1455,1455,دانشگاه
1456,1456,و
1457,1457,۱۱
1458,1458,کتابخانه
1459,1459,در
1460,1460,دانشکدهها
1461,1461,و
1462,1462,آموزشکدهها
1463,1463,است
1464,1464,و
1465,1465,مجموع
1466,1466,کتابهای
1467,1467,آن
1468,1468,افزون
1469,1469,بر
1470,1470,۲۰۳۰۰۰
1471,1471,جلد
1472,1472,کتاب
1473,1473,فارسی
1474,1474,و
1475,1475,لاتین
1476,1476,است
1477,1477,.
1478,1478,همچنین
1479,1479,۱۱۰۹
1480,1480,عنوان
1481,1481,مجله
1482,1482,فارسی
1483,1483,و
1484,1484,لاتین
1485,1485,و
1486,1486,۵۴۶۷
1487,1487,کتاب
1488,1488,الکترونیکی
1489,1489,و
1490,1490,۲۰
1491,1491,کیوسک
1492,1492,اطلاع
1493,1493,رسانی
1494,1494,در
1495,1495,این
1496,1496,کتابخانهها
1497,1497,موجود
1498,1498,است
1499,1499,که
1500,1500,دانشجویان
1501,1501,با
1502,1502,ارایٔه
1503,1503,یک
1504,1504,قطعه
1505,1505,عکس
1506,1506,۴*۳
1507,1507,،
1508,1508,کارت
1509,1509,دانشجویی
1510,1510,،
1511,1511,برگه
1512,1512,انتخاب
1513,1513,واحد
1514,1514,و
1515,1515,مبلغ
1516,1516,۵۰۰
1517,1517,تومان
1518,1518,میتوانند
1519,1519,عضو
1520,1520,کتابخانه
1521,1521,شوند
1522,1522,.
1523,1523,سایت
1524,1524,رایانهای
1525,1525,با
1526,1526,بهرهگیری
1527,1527,از
1528,1528,۱۴۵۰
1529,1529,دستگاه
1530,1530,رایانه
1531,1531,بیشتر
1532,1532,امور
1533,1533,اداری
1534,1534,،
1535,1535,پژوهشی
1536,1536,،
1537,1537,آموزشی
1538,1538,و
1539,1539,دانشجویی
1540,1540,دانشگاه
1541,1541,به
1542,1542,صورت
1543,1543,رایانهای
1544,1544,انجام
1545,1545,میشود
1546,1546,و
1547,1547,همچنین
1548,1548,با
1549,1549,تجهیز
1550,1550,و
1551,1551,راه
1552,1552,اندازی
1553,1553,۲۸
1554,1554,سایت
1555,1555,اینترنت
1556,1556,و
1557,1557,رایانه
1558,1558,در
1559,1559,دانشگاه
1560,1560,،
1561,1561,ارایٔه
1562,1562,خدمات
1563,1563,اینترنتی
1564,1564,در
1565,1565,سایتهای
1566,1566,دانشکدههای
1567,1567,کشاورزی
1568,1568,و
1569,1569,منابع
1570,1570,طبیعی
1571,1571,،
1572,1572,علوم
1573,1573,سیاسی
1574,1574,،
1575,1575,الهیات
1576,1576,،
1577,1577,دامپزشکی
1578,1578,،
1579,1579,ادبیات
1580,1580,،
1581,1581,فنی
1582,1582,و
1583,1583,علوم
1584,1584,دایر
1585,1585,بوده
1586,1586,و
1587,1587,دسترسی
1588,1588,به
1589,1589,شبکه
1590,1590,جهانی
1591,1591,اینترنت
1592,1592,امکانپذیر
1593,1593,است
1594,1594,.
1595,1595,لابراتوارهای
1596,1596,زبان
1597,1597,انگلیسی
1598,1598,و
1599,1599,عربی
1600,1600,لابراتوار
1601,1601,زبان
1602,1602,انگلیسی
1603,1603,و
1604,1604,عربی
1605,1605,واحد
1606,1606,کرج
1607,1607,در
1608,1608,دانشکدههای
1609,1609,ادبیات
1610,1610,و
1611,1611,الهیات
1612,1612,و
1613,1613,ادبیات
1614,1614,عرب
1615,1615,با
1616,1616,امکانات
1617,1617,و
1618,1618,تجهیزات
1619,1619,آموزشی
1620,1620,شامل
1621,1621,چندین
1622,1622,دستگاه
1623,1623,ویدیٔو
1624,1624,،
1625,1625,تلویزیون
1626,1626,،
1627,1627,رایانه
1628,1628,،
1629,1629,صدها
1630,1630,حلقه
1631,1631,فیلم
1632,1632,،
1633,1633,به
1634,1634,همراه
1635,1635,چندین
1636,1636,کابین
1637,1637,و
1638,1638,دستگاه
1639,1639,کنترل
1640,1640,مرکزی
1641,1641,به
1642,1642,دانشجویان
1643,1643,رشتههای
1644,1644,زبان
1645,1645,انگلیسی
1646,1646,و
1647,1647,ادبیات
1648,1648,عرب
1649,1649,در
1650,1650,حال
1651,1651,سرویسدهی
1652,1652,میباشند
1653,1653,.
1654,1654,فعالیتهای
1655,1655,فوقبرنامه
1656,1656,از
1657,1657,امور
1658,1658,فوقبرنامه
1659,1659,واحد
1660,1660,کرج
1661,1661,میتوان
1662,1662,اعزام
1663,1663,دانشجویان
1664,1664,به
1665,1665,اردوهای
1666,1666,سیاحتی
1667,1667,،
1668,1668,زیارتی
1669,1669,،
1670,1670,اعزام
1671,1671,دانشجویان
1672,1672,به
1673,1673,حج
1674,1674,عمره
1675,1675,،
1676,1676,برگزاری
1677,1677,مراسم
1678,1678,جشن
1679,1679,ازدواج
1680,1680,دانشجویی
1681,1681,،
1682,1682,برگزاری
1683,1683,مسابقات
1684,1684,قرآن
1685,1685,و
1686,1686,عترت
1687,1687,،
1688,1688,احکام
1689,1689,،
1690,1690,نهجالبلاغه
1691,1691,،
1692,1692,کتابخوانی
1693,1693,،
1694,1694,برگزاری
1695,1695,مراسم
1696,1696,ملی
1697,1697,و
1698,1698,مذهبی
1699,1699,و
1700,1700,برپایی
1701,1701,نمایشگاههای
1702,1702,هنری
1703,1703,و
1704,1704,…
1705,1705,اشاره
1706,1706,نمود
1707,1707,که
1708,1708,نهاد
1709,1709,نمایندگی
1710,1710,رهبری
1711,1711,،
1712,1712,دفتر
1713,1713,فرهنگ
1714,1714,اسلامی
1715,1715,،
1716,1716,روابط
1717,1717,عمومی
1718,1718,و
1719,1719,بسیج
1720,1720,دانشجویی
1721,1721,در
1722,1722,برگزاری
1723,1723,آنها
1724,1724,همکاری
1725,1725,دارند
1726,1726,.
1727,1727,فعالیتهای
1728,1728,پژوهشی
1729,1729,انجمنهای
1730,1730,علمی
1731,1731,،
1732,1732,فرهنگی
1733,1733,،
1734,1734,هنری
1735,1735,دانشجویان
1736,1736,برتر
1737,1737,علمی
1738,1738,و
1739,1739,علاقهمند
1740,1740,به
1741,1741,پژوهش
1742,1742,یا
1743,1743,هنرمند
1744,1744,میتوانند
1745,1745,اساسنامه
1746,1746,انجمنهای
1747,1747,علمی
1748,1748,،
1749,1749,فرهنگی
1750,1750,،
1751,1751,هنری
1752,1752,که
1753,1753,از
1754,1754,سوی
1755,1755,کمیسیون
1756,1756,مرکزی
1757,1757,انجمنهای
1758,1758,علمی
1759,1759,سازمان
1760,1760,مرکزی
1761,1761,تدوین
1762,1762,و
1763,1763,ابلاغ
1764,1764,شدهاست
1765,1765,را
1766,1766,از
1767,1767,مسیٔول
1768,1768,امور
1769,1769,دانشجویی
1770,1770,دانشکده
1771,1771,دریافت
1772,1772,نمایند
1773,1773,.
1774,1774,در
1775,1775,حال
1776,1776,حاضر
1777,1777,۲۵
1778,1778,انجمن
1779,1779,علمی
1780,1780,،
1781,1781,فرهنگی
1782,1782,و
1783,1783,۲
1784,1784,تشکل
1785,1785,سیاسی
1786,1786,دانشجویی
1787,1787,و
1788,1788,استادان
1789,1789,در
1790,1790,واحد
1791,1791,کرج
1792,1792,در
1793,1793,حال
1794,1794,فعالیت
1795,1795,میباشند
1796,1796,.
1797,1797,انجمنهای
1798,1798,علمی
1799,1799,بعضا
1800,1800,توسط
1801,1801,خود
1802,1802,دانشگاه
1803,1803,از
1804,1804,بدو
1805,1805,امر
1806,1806,و
1807,1807,بعضا
1808,1808,توسط
1809,1809,دانشجویان
1810,1810,و
1811,1811,پیگیریهای
1812,1812,آنها
1813,1813,تأسیس
1814,1814,میشود
1815,1815,.
1816,1816,نشریات
1817,1817,دانشجویی
1818,1818,واحد
1819,1819,کرج
1820,1820,دانشجویان
1821,1821,علاقهمند
1822,1822,به
1823,1823,انتشار
1824,1824,نشریات
1825,1825,علمی
1826,1826,،
1827,1827,فرهنگی
1828,1828,و
1829,1829,اجتماعی
1830,1830,میتوانند
1831,1831,با
1832,1832,دریافت
1833,1833,دستورالعمل
1834,1834,اجرایی
1835,1835,نشریات
1836,1836,دانشگاهی
1837,1837,از
1838,1838,امور
1839,1839,دانشجویی
1840,1840,دانشکده
1841,1841,و
1842,1842,مطالعه
1843,1843,آن
1844,1844,(
1845,1845,فرم
1846,1846,شماره
1847,1847,۲
1848,1848,)
1849,1849,تقاضای
1850,1850,انتشار
1851,1851,نشریه
1852,1852,را
1853,1853,تکمیل
1854,1854,و
1855,1855,طی
1856,1856,آن
1857,1857,مدیر
1858,1858,مسیٔول
1859,1859,و
1860,1860,صاحب
1861,1861,امتیاز
1862,1862,را
1863,1863,معرفی
1864,1864,نمایند
1865,1865,.
1866,1866,پس
1867,1867,ازبررسیهای
1868,1868,لازم
1869,1869,درخواست
1870,1870,نشریه
1871,1871,در
1872,1872,شورای
1873,1873,فرهنگی
1874,1874,دانشگاه
1875,1875,طرح
1876,1876,و
1877,1877,در
1878,1878,صورت
1879,1879,تصویب
1880,1880,،
1881,1881,مجاز
1882,1882,به
1883,1883,انتشار
1884,1884,آن
1885,1885,به
1886,1886,صورت
1887,1887,هفتهنامه
1888,1888,،
1889,1889,ماهنامه
1890,1890,یا
1891,1891,فصلنامه
1892,1892,خواهند_بود
1893,1893,.
1894,1894,در
1895,1895,حال
1896,1896,حاضر
1897,1897,۱۸
1898,1898,نشریه
1899,1899,مصوب
1900,1900,دانشجویی
1901,1901,در
1902,1902,واحد
1903,1903,کرج
1904,1904,منتشر
1905,1905,میشود
1906,1906,.
1907,1907,که
1908,1908,بیشتر
1909,1909,این
1910,1910,نشریهها
1911,1911,به
1912,1912,صورت
1913,1913,منظم
1914,1914,چاپ
1915,1915,میشوند
1916,1916,و
1917,1917,تعدادی
1918,1918,هم
1919,1919,بعد
1920,1920,از
1921,1921,چاپ
1922,1922,یا
1923,1923,توقیف
1924,1924,شدند
1925,1925,یا
1926,1926,دیگر
1927,1927,چاپ
1928,1928,نشدند
1929,1929,.
1930,1930,به
1931,1931,عنوان
1932,1932,نمونه
1933,1933,نشریه
1934,1934,حقوقی
1935,1935,«
1936,1936,رهیار
1937,1937,»
1938,1938,که
1939,1939,سر
1940,1940,و
1941,1941,صدای
1942,1942,زیادی
1943,1943,در
1944,1944,دانشکده
1945,1945,حقوق
1946,1946,داشت
1947,1947,و
1948,1948,حواشی
1949,1949,زیادی
1950,1950,به
1951,1951,دنبال
1952,1952,داشت
1953,1953,که
1954,1954,فقط
1955,1955,یک
1956,1956,شماره
1957,1957,از
1958,1958,آن
1959,1959,چاپ
1960,1960,شد
1961,1961,.
1962,1962,باشگاه
1963,1963,پژوهشگران
1964,1964,جوان
1965,1965,دانشجویانی
1966,1966,میتوانند
1967,1967,در
1968,1968,باشگاه
1969,1969,پژوهشگران
1970,1970,جوان
1971,1971,عضو
1972,1972,شوند
1973,1973,که
1974,1974,دارای
1975,1975,رتبه
1976,1976,بالای
1977,1977,کنکور
1978,1978,یا
1979,1979,میانگین
1980,1980,نمره
1981,1981,بالا
1982,1982,یا
1983,1983,مقاله
1984,1984,معتبر
1985,1985,باشند
1986,1986,.
1987,1987,این
1988,1988,انجمن
1989,1989,در
1990,1990,حوزه
1991,1991,معاونت
1992,1992,پژوهشی
1993,1993,فعالیت
1994,1994,میکند
1995,1995,و
1996,1996,اعضای
1997,1997,آن
1998,1998,میتوانند
1999,1999,از
2000,2000,تسهیلات
2001,2001,کاهش
2002,2002,شهریه
2003,2003,،
2004,2004,شرکت
2005,2005,در
2006,2006,سمینارهای
2007,2007,علمی
2008,2008,،
2009,2009,کمک
2010,2010,هزینه
2011,2011,پایاننامه
2012,2012,و
2013,2013,انجام
2014,2014,طرحهای
2015,2015,پژوهشی
2016,2016,با
2017,2017,کمک
2018,2018,مالی
2019,2019,دانشگاه
2020,2020,استفاده
2021,2021,نمایند
2022,2022,.
2023,2023,سمینارهای
2024,2024,علمی
2025,2025,دانشجویان
2026,2026,میتوانند
2027,2027,با
2028,2028,هماهنگی
2029,2029,انجمنهای
2030,2030,دانشجویی
2031,2031,موجود
2032,2032,در
2033,2033,دانشکدهها
2034,2034,یا
2035,2035,گروههای
2036,2036,آموزشی
2037,2037,یا
2038,2038,ارتباط
2039,2039,با
2040,2040,باشگاه
2041,2041,پژوهشگران
2042,2042,جوان
2043,2043,نسبت
2044,2044,به
2045,2045,برگزاری
2046,2046,سخنرانیهای
2047,2047,علمی
2048,2048,،
2049,2049,سمینارهای
2050,2050,منطقهای
2051,2051,و
2052,2052,کشوری
2053,2053,اقدام
2054,2054,نمایند
2055,2055,.
2056,2056,همچنین
2057,2057,دانشجویان
2058,2058,میتوانند
2059,2059,در
2060,2060,تعدادی
2061,2061,از
2062,2062,سخنرانیهایی
2063,2063,که
2064,2064,گروههای
2065,2065,آموزشی
2066,2066,برگزار
2067,2067,مینمایند
2068,2068,شرکت
2069,2069,کنند
2070,2070,.
2071,2071,این
2072,2072,سمینارها
2073,2073,با
2074,2074,هماهنگی
2075,2075,حوزه
2076,2076,معاونت
2077,2077,پژوهشی
2078,2078,دانشگاه
2079,2079,انجام
2080,2080,میپذیرد
2081,2081,.
2082,2082,تسهیلات
2083,2083,رفاهی
2084,2084,حوزه
2085,2085,معاونت
2086,2086,دانشجویی
2087,2087,واحد
2088,2088,کرج
2089,2089,یکی
2090,2090,از
2091,2091,فعالترین
2092,2092,واحدهای
2093,2093,دانشگاهی
2094,2094,در
2095,2095,زمینه
2096,2096,ایجاد
2097,2097,تسهیلات
2098,2098,رفاهی
2099,2099,برای
2100,2100,دانشجویان
2101,2101,است
2102,2102,.
2103,2103,از
2104,2104,جمله
2105,2105,این
2106,2106,تسهیلات
2107,2107,میتوان
2108,2108,به
2109,2109,ارایٔه
2110,2110,غذاهای
2111,2111,گرم
2112,2112,و
2113,2113,متنوع
2114,2114,با
2115,2115,قیمت
2116,2116,مناسب
2117,2117,به
2118,2118,دانشجویان
2119,2119,،
2120,2120,ارایٔه
2121,2121,خدمات
2122,2122,بیمه
2123,2123,حوادث
2124,2124,دانشجویی
2125,2125,با
2126,2126,واریز
2127,2127,مبلغ
2128,2128,۴۰۰۰
2129,2129,ریال
2130,2130,،
2131,2131,بررسی
2132,2132,درخواستهای
2133,2133,انتقال
2134,2134,دانشجویان
2135,2135,شامل
2136,2136,:
2137,2137,تقاضای
2138,2138,میهمان
2139,2139,شدن
2140,2140,یا
2141,2141,انتقال
2142,2142,دایم
2143,2143,به
2144,2144,سایر
2145,2145,واحدهای
2146,2146,دانشگاهی
2147,2147,،
2148,2148,گسترش
2149,2149,ورزش
2150,2150,در
2151,2151,سطح
2152,2152,دانشجویان
2153,2153,از
2154,2154,راه
2155,2155,شناسایی
2156,2156,و
2157,2157,جذب
2158,2158,دانشجویان
2159,2159,علاقهمند
2160,2160,به
2161,2161,فعالیتهای
2162,2162,ورزشی
2163,2163,و
2164,2164,ایجاد
2165,2165,برنامههای
2166,2166,گوناگون
2167,2167,ورزشی
2168,2168,اعم
2169,2169,از
2170,2170,اردوهای
2171,2171,ورزشی
2172,2172,تفریحی
2173,2173,و
2174,2174,برگزاری
2175,2175,مسابقات
2176,2176,داخلی
2177,2177,،
2178,2178,منطقهای
2179,2179,و
2180,2180,کشوری
2181,2181,،
2182,2182,آموزش
2183,2183,امور
2184,2184,اداری
2185,2185,به
2186,2186,دانشجویان
2187,2187,داوطلب
2188,2188,و
2189,2189,استفاده
2190,2190,از
2191,2191,کارایی
2192,2192,آنان
2193,2193,تحت
2194,2194,عنوان
2195,2195,کار
2196,2196,دانشجویی
2197,2197,،
2198,2198,نظارت
2199,2199,بر
2200,2200,اجرای
2201,2201,مقررات
2202,2202,عمومی
2203,2203,و
2204,2204,آموزشی
2205,2205,دانشگاه
2206,2206,به
2207,2207,منظور
2208,2208,حفظ
2209,2209,امنیت
2210,2210,و
2211,2211,آرامش
2212,2212,لازم
2213,2213,با
2214,2214,برقراری
2215,2215,کمیته
2216,2216,انضباطی
2217,2217,و
2218,2218,برخورد
2219,2219,با
2220,2220,دانشجویان
2221,2221,خاطی
2222,2222,،
2223,2223,صدور
2224,2224,کارت
2225,2225,المثنی
2226,2226,برای
2227,2227,دانشجویانی
2228,2228,که
2229,2229,به
2230,2230,دلایلی
2231,2231,کارت
2232,2232,آنان
2233,2233,مخدوش
2234,2234,یا
2235,2235,مفقود
2236,2236,شده_باشد
2237,2237,،
2238,2238,اشاره
2239,2239,کرد
2240,2240,.
2241,2241,مرکز
2242,2242,مشاوره
2243,2243,دانشجویی
2244,2244,به
2245,2245,منظور
2246,2246,رسیدگی
2247,2247,به
2248,2248,مشکلات
2249,2249,شخصی
2250,2250,،
2251,2251,روحی
2252,2252,و
2253,2253,تحصیلی
2254,2254,دانشجویان
2255,2255,مرکز
2256,2256,مشاوره
2257,2257,دانشجویی
2258,2258,واحد
2259,2259,کرج
2260,2260,با
2261,2261,استفاده
2262,2262,از
2263,2263,استادان
2264,2264,و
2265,2265,کارشناسان
2266,2266,روانشناسی
2267,2267,و
2268,2268,مددکاران
2269,2269,اجتماعی
2270,2270,همهروزه
2271,2271,در
2272,2272,درمانگاه
2273,2273,سیدالشهدا
2274,2274,دانشگاه
2275,2275,آماده
2276,2276,سرویسدهی
2277,2277,به
2278,2278,دانشجویان
2279,2279,است
2280,2280,.
2281,2281,وام
2282,2282,دانشجویی
2283,2283,به
2284,2284,منظور
2285,2285,ایجاد
2286,2286,تسهیلات
2287,2287,برای
2288,2288,دانشجویانی
2289,2289,که
2290,2290,توانایی
2291,2291,مالی
2292,2292,کمتری
2293,2293,دارند
2294,2294,حوزه
2295,2295,معاونت
2296,2296,دانشجویی
2297,2297,به
2298,2298,سه
2299,2299,طریق
2300,2300,وام
2301,2301,دانشجویی
2302,2302,به
2303,2303,دانشجویان
2304,2304,واجد
2305,2305,شرایط
2306,2306,پرداخت
2307,2307,مینماید
2308,2308,.
2309,2309,وام
2310,2310,کوتاه
2311,2311,مدت
2312,2312,که
2313,2313,بازپرداخت
2314,2314,آن
2315,2315,در
2316,2316,طول
2317,2317,ترم
2318,2318,است
2319,2319,.
2320,2320,وام
2321,2321,میان
2322,2322,مدت
2323,2323,که
2324,2324,بازپرداخت
2325,2325,آن
2326,2326,یک
2327,2327,سالهاست
2328,2328,و
2329,2329,وام
2330,2330,بلندمدت
2331,2331,که
2332,2332,بازپرداخت
2333,2333,آن
2334,2334,تا
2335,2335,پایان
2336,2336,دوره
2337,2337,تحصیلات
2338,2338,است
2339,2339,.
2340,2340,دانشجویان
2341,2341,واجد
2342,2342,شرایط
2343,2343,میتوانند
2344,2344,با
2345,2345,مراجعه
2346,2346,به
2347,2347,اداره
2348,2348,خدمات
2349,2349,دانشجویی
2350,2350,دانشکده
2351,2351,در
2352,2352,موعد
2353,2353,مقرر
2354,2354,نسبت
2355,2355,به
2356,2356,تکمیل
2357,2357,فرمهای
2358,2358,مربوطه
2359,2359,اقدام
2360,2360,نمایند
2361,2361,.
2362,2362,همچنین
2363,2363,وام
2364,2364,ازدواج
2365,2365,دانشجویی
2366,2366,نیز
2367,2367,به
2368,2368,دانشجویانی
2369,2369,که
2370,2370,در
2371,2371,حین
2372,2372,تحصیل
2373,2373,ازدواج
2374,2374,میکنند
2375,2375,با
2376,2376,بازپرداخت
2377,2377,یک
2378,2378,ساله
2379,2379,از
2380,2380,طریق
2381,2381,امور
2382,2382,دانشجویی
2383,2383,پرداخت
2384,2384,میشود
2385,2385,.
2386,2386,درمانگاه
2387,2387,سیدالشهدا
2388,2388,درمانگاه
2389,2389,سیدالشهدا
2390,2390,وابسته
2391,2391,به
2392,2392,دانشگاه
2393,2393,آزاد
2394,2394,اسلامی
2395,2395,واحد
2396,2396,کرج
2397,2397,با
2398,2398,دارا
2399,2399,بودن
2400,2400,۱۷
2401,2401,پزشک
2402,2402,متخصص
2403,2403,و
2404,2404,عمومی
2405,2405,بهطور
2406,2406,شبانه
2407,2407,روزی
2408,2408,آماده
2409,2409,سرویس
2410,2410,دهی
2411,2411,به
2412,2412,دانشجویان
2413,2413,،
2414,2414,استادن
2415,2415,و
2416,2416,کارکنان
2417,2417,دانشگاه
2418,2418,همچنین
2419,2419,اقشار
2420,2420,مختلف
2421,2421,مردم
2422,2422,کرج
2423,2423,است
2424,2424,.
2425,2425,این
2426,2426,درمانگاه
2427,2427,شامل
2428,2428,بخشهای
2429,2429,عمومی
2430,2430,،
2431,2431,آزمایشگاه
2432,2432,،
2433,2433,فیزیوتراپی
2434,2434,،
2435,2435,بخشهای
2436,2436,تخصصی
2437,2437,زنان
2438,2438,و
2439,2439,زایمان
2440,2440,،
2441,2441,کودکان
2442,2442,،
2443,2443,ارتوپدی
2444,2444,،
2445,2445,جراحی
2446,2446,عمومی
2447,2447,،
2448,2448,قلب
2449,2449,و
2450,2450,عروق
2451,2451,،
2452,2452,دندانپزشکی
2453,2453,،
2454,2454,پوست
2455,2455,،
2456,2456,داخلی
2457,2457,و
2458,2458,غدد
2459,2459,،
2460,2460,مامایی
2461,2461,و
2462,2462,بهداشت
2463,2463,مادران
2464,2464,،
2465,2465,همچنین
2466,2466,مرکز
2467,2467,مشاوره
2468,2468,و
2469,2469,داروخانه
2470,2470,است
2471,2471,که
2472,2472,در
2473,2473,آینده
2474,2474,نزدیک
2475,2475,با
2476,2476,ساخت
2477,2477,پروژه
2478,2478,بیمارستانی
2479,2479,این
2480,2480,درمانگاه
2481,2481,مجهز
2482,2482,به
2483,2483,بیمارستان
2484,2484,بزرگی
2485,2485,تبدیل
2486,2486,خواهد_شد
2487,2487,.
2488,2488,اتوبوسهای
2489,2489,رایگان
2490,2490,داخل
2491,2491,مجتمع
2492,2492,با
2493,2493,توجه
2494,2494,به
2495,2495,وسعت
2496,2496,مجتمع
2497,2497,دانشگاهی
2498,2498,(
2499,2499,۴۷
2500,2500,هکتار
2501,2501,)
2502,2502,جهت
2503,2503,جابجایی
2504,2504,دانشجویان
2505,2505,اتوبوسهای
2506,2506,دانشگاه
2507,2507,به
2508,2508,صورت
2509,2509,رایگان
2510,2510,از
2511,2511,ساعت
2512,2512,۷
2513,2513,صبح
2514,2514,تا
2515,2515,۱۹
2516,2516,در
2517,2517,داخل
2518,2518,مجتمع
2519,2519,در
2520,2520,حال
2521,2521,جابجایی
2522,2522,دانشجویان
2523,2523,هستند
2524,2524,.
2525,2525,ایجاد
2526,2526,باجههای
2527,2527,تلفن
2528,2528,در
2529,2529,داخل
2530,2530,مجتمع
2531,2531,،
2532,2532,هماهنگی
2533,2533,با
2534,2534,سازمان
2535,2535,اتوبوس
2536,2536,رانی
2537,2537,و
2538,2538,تاکسیرانی
2539,2539,کرج
2540,2540,جهت
2541,2541,ایجاد
2542,2542,خط
2543,2543,مترو
2544,2544,به
2545,2545,دانشگاه
2546,2546,از
2547,2547,دیگر
2548,2548,اقدامات
2549,2549,دانشگاه
2550,2550,جهت
2551,2551,آمد
2552,2552,و
2553,2553,شد
2554,2554,و
2555,2555,ارتباط
2556,2556,سریع‌تر
2557,2557,و
2558,2558,بهتر
2559,2559,دانشجویان
2560,2560,است
2561,2561,.
2562,2562,تور
2563,2563,مجازی
2564,2564,دانشگاه
2565,2565,آزاد
2566,2566,اسلامی
2567,2567,واحد
2568,2568,کرج
2569,2569,تور
2570,2570,مجازی
2571,2571,دانشگاه
2572,2572,آزاد
2573,2573,اسلامی
2574,2574,واحد
2575,2575,کرج
2576,2576,با
2577,2577,۸۵
2578,2578,موقعیت
2579,2579,مکانی
2580,2580,جهت
2581,2581,آشنایی
2582,2582,دانشجویان
2583,2583,و
2584,2584,کاربران
2585,2585,با
2586,2586,امکانات
2587,2587,دانشگاه
2588,2588,آزاد
2589,2589,اسلامی
2590,2590,واحد
2591,2591,کرج
2592,2592,راه
2593,2593,اندازی
2594,2594,گردیده
2595,2595,و
2596,2596,هماکنون
2597,2597,در
2598,2598,سایت
2599,2599,دانشگاه
2600,2600,قابل
2601,2601,مشاهده
2602,2602,است
2603,2603,.
2604,2604,مجری
2605,2605,تور
2606,2606,مجازی
2607,2607,دانشگاه
2608,2608,آزاد
2609,2609,شرکت
2610,2610,تور
2611,2611,ساز
2612,2612,است
2613,2613,که
2614,2614,شما
2615,2615,میتوانید
2616,2616,از
2617,2617,طریق
2618,2618,لینک
2619,2619,زیر
2620,2620,وارد
2621,2621,تور
2622,2622,مجازی
2623,2623,دانشگاه
2624,2624,آزاد
2625,2625,کرج
2626,2626,شوید
2627,2627,.
2628,2628,مدارس
2629,2629,سما
2630,2630,وابسته
2631,2631,به
2632,2632,دانشگاه
2633,2633,با
2634,2634,صدور
2635,2635,مجوز
2636,2636,تأسیس
2637,2637,مدارس
2638,2638,غیرانتفاعی
2639,2639,وابسته
2640,2640,به
2641,2641,دانشگاه
2642,2642,آزاد
2643,2643,اسلامی
2644,2644,از
2645,2645,طرف
2646,2646,وزارت
2647,2647,آموزش
2648,2648,و
2649,2649,پرورش
2650,2650,و
2651,2651,ابلاغ
2652,2652,این
2653,2653,مجوز
2654,2654,به
2655,2655,واحدهای
2656,2656,دانشگاه
2657,2657,،
2658,2658,واحد
2659,2659,کرج
2660,2660,شروع
2661,2661,به
2662,2662,تکمیل
2663,2663,و
2664,2664,دایر
2665,2665,نمودن
2666,2666,این
2667,2667,مدارس
2668,2668,نمود
2669,2669,.
2670,2670,در
2671,2671,حال
2672,2672,حاضر
2673,2673,مدارس
2674,2674,سما
2675,2675,وابسته
2676,2676,به
2677,2677,دانشگاه
2678,2678,آزاد
2679,2679,اسلامی
2680,2680,واحدکرج
2681,2681,در
2682,2682,سه
2683,2683,مقطع
2684,2684,دبستان
2685,2685,،
2686,2686,راهنمایی
2687,2687,و
2688,2688,دبیرستان
2689,2689,و
2690,2690,پیشدانشگاهی
2691,2691,دخترانه
2692,2692,و
2693,2693,پسرانه
2694,2694,با
2695,2695,بیش
2696,2696,از
2697,2697,۵۰۰
2698,2698,دانشآموز
2699,2699,در
2700,2700,حال
2701,2701,فعالیت
2702,2702,است
2703,2703,.
2704,2704,اماکن
2705,2705,فرهنگی
2706,2706,،
2707,2707,ورزشی
2708,2708,و
2709,2709,رفاهی
2710,2710,سالنهای
2711,2711,اجتماعات
2712,2712,در
2713,2713,حال
2714,2714,حاضر
2715,2715,۸
2716,2716,باب
2717,2717,سالن
2718,2718,اجتماعات
2719,2719,و
2720,2720,۱
2721,2721,آمفی
2722,2722,تیٔاتر
2723,2723,در
2724,2724,واحد
2725,2725,قابل
2726,2726,بهرهبرداری
2727,2727,است
2728,2728,که
2729,2729,سالن
2730,2730,اجتماعات
2731,2731,بزرگ
2732,2732,مجلل
2733,2733,و
2734,2734,مجهز
2735,2735,مرکزی
2736,2736,با
2737,2737,گنجایش
2738,2738,۸۰۰
2739,2739,نفر
2740,2740,با
2741,2741,امکانات
2742,2742,صوتی
2743,2743,و
2744,2744,تصویری
2745,2745,بسیار
2746,2746,پیشرفته
2747,2747,آماده
2748,2748,برگزاری
2749,2749,همایشهای
2750,2750,و
2751,2751,مراسم
2752,2752,مختلف
2753,2753,فرهنگی
2754,2754,و
2755,2755,پژوهشی
2756,2756,است
2757,2757,،
2758,2758,همچنین
2759,2759,سالن
2760,2760,اجتماعات
2761,2761,شهید
2762,2762,باهنر
2763,2763,با
2764,2764,گنجایش
2765,2765,۱۵۰
2766,2766,نفر
2767,2767,،
2768,2768,سالن
2769,2769,اجتماعات
2770,2770,شهید
2771,2771,فهمیده
2772,2772,دانشکده
2773,2773,کشاورزی
2774,2774,و
2775,2775,منابع
2776,2776,طبیعی
2777,2777,با
2778,2778,گنجایش
2779,2779,۲۰۰
2780,2780,نفر
2781,2781,،
2782,2782,سالن
2783,2783,اجتماعات
2784,2784,آموزشکده
2785,2785,عالی
2786,2786,سما
2787,2787,با
2788,2788,گنجایش
2789,2789,۲۰۰
2790,2790,نفر
2791,2791,،
2792,2792,سالن
2793,2793,شهید
2794,2794,مطهری
2795,2795,دانشکده
2796,2796,دامپزشکی
2797,2797,با
2798,2798,گنجایش
2799,2799,۲۰۰
2800,2800,نفر
2801,2801,از
2802,2802,دیگر
2803,2803,سالنهای
2804,2804,مجهز
2805,2805,دانشگاه
2806,2806,است
2807,2807,.
2808,2808,سالنهای
2809,2809,غذاخوری
2810,2810,و
2811,2811,بوفهها
2812,2812,در
2813,2813,حال
2814,2814,حاضر
2815,2815,۱۱
2816,2816,سالن
2817,2817,غذاخوری
2818,2818,و
2819,2819,۷
2820,2820,بوفه
2821,2821,در
2822,2822,درون
2823,2823,و
2824,2824,بیرون
2825,2825,این
2826,2826,مجتمع
2827,2827,دانشگاهی
2828,2828,و
2829,2829,کلینیکهای
2830,2830,این
2831,2831,واحد
2832,2832,مخصوص
2833,2833,استادان
2834,2834,و
2835,2835,دانشجویان
2836,2836,همه
2837,2837,روزه
2838,2838,غذای
2839,2839,گرم
2840,2840,را
2841,2841,با
2842,2842,کیفیت
2843,2843,خوب
2844,2844,و
2845,2845,بسیار
2846,2846,ارزان
2847,2847,ارایٔه
2848,2848,میدهند
2849,2849,که
2850,2850,دانشجویان
2851,2851,میتوانند
2852,2852,با
2853,2853,رزرو
2854,2854,هفتگی
2855,2855,از
2856,2856,این
2857,2857,امکانات
2858,2858,استفاده
2859,2859,نمایند
2860,2860,.
2861,2861,آلاچیق
2862,2862,و
2863,2863,پارک
2864,2864,جنگلی
2865,2865,این
2866,2866,دانشگاه
2867,2867,دارای
2868,2868,تعداد
2869,2869,بسیاری
2870,2870,آلاچیق
2871,2871,و
2872,2872,یک
2873,2873,پارک
2874,2874,جنگلی
2875,2875,کوچک
2876,2876,است
2877,2877,که
2878,2878,محل
2879,2879,تجمع
2880,2880,دانشجویان
2881,2881,برای
2882,2882,گپ
2883,2883,و
2884,2884,گفت
2885,2885,و
2886,2886,وقت
2887,2887,گذرانی
2888,2888,به
2889,2889,ویژه
2890,2890,در
2891,2891,ماههای
2892,2892,گرم
2893,2893,سال
2894,2894,است
2895,2895,.
2896,2896,امکانات
2897,2897,ورزشی
2898,2898,زمین
2899,2899,فوتبال
2900,2900,چمن
2901,2901,بسیار
2902,2902,مناسب
2903,2903,دانشگاه
2904,2904,،
2905,2905,۹
2906,2906,مجموعه
2907,2907,ورزشی
2908,2908,سرپوشیده
2909,2909,و
2910,2910,مجموعههای
2911,2911,ورزشی
2912,2912,روباز
2913,2913,،
2914,2914,آماده
2915,2915,سرویس
2916,2916,دهی
2917,2917,به
2918,2918,دانشجویان
2919,2919,است
2920,2920,.
2921,2921,منابع
2922,2922,سایت
2923,2923,دانشگاه
2924,2924,آزاد
2925,2925,اسلامی
2926,2926,واحد
2927,2927,کرج
2928,2928,پیوند
2929,2929,به
2930,2930,بیرون
2931,2931,سایت
2932,2932,دانشگاه
2933,2933,آزاد
2934,2934,اسلامی
2935,2935,واحد
2936,2936,کرج
2937,2937,ن
2938,2938,ب
2939,2939,و
2940,2940,دانشگاه
2941,2941,آزاد
2942,2942,اسلامی
2943,2943,شورای
2944,2944,عالی
2945,2945,انقلاب
2946,2946,فرهنگی
2947,2947,بنیانگذارى‌ها
2948,2948,واحدها
2949,2949,سازمان
2950,2950,سما
2951,2951,باشگاه
2952,2952,بسکتبال
2953,2953,باشگاه
2954,2954,فوتسال
2955,2955,آکادمیک
2956,2956,دانشآموختگان
2957,2957,استادان
2958,2958,رؤسا
2959,2959,عبدالله
2960,2960,جاسبی
2961,2961,(
2962,2962,۱۹۸۲
2963,2963,–
2964,2964,۲۰۱۲
2965,2965,)
2966,2966,فرهاد
2967,2967,دانشجو
2968,2968,(
2969,2969,۲۰۱۲
2970,2970,–
2971,2971,۲۰۱۳
2972,2972,)
2973,2973,حمید
2974,2974,میرزاده
2975,2975,(
2976,2976,۲۰۱۳
2977,2977,–
2978,2978,۲۰۱۷
2979,2979,)
2980,2980,علیمحمد
2981,2981,نوریان
2982,2982,(
2983,2983,۲۰۱۷
2984,2984,–
2985,2985,۲۰۱۷
2986,2986,)
2987,2987,فرهاد
2988,2988,رهبر
2989,2989,(
2990,2990,۲۰۱۷
2991,2991,–
2992,2992,۲۰۱۸
2993,2993,)
2994,2994,محمد
2995,2995,مهدی
2996,2996,طهرانچی
2997,2997,(
2998,2998,۲۰۱۸
2999,2999,-تاکنون
3000,3000,)
3001,3001,ن
3002,3002,ب
3003,3003,و
3004,3004,دانشگاههای
3005,3005,استان
3006,3006,البرز
3007,3007,دولتی
3008,3008,وزارت
3009,3009,علوم
3010,3010,،
3011,3011,تحقیقات
3012,3012,و
3013,3013,فناوری
3014,3014,دانشگاه
3015,3015,خوارزمی
3016,3016,(
3017,3017,پردیس
3018,3018,کرج
3019,3019,)
3020,3020,دانشگاه
3021,3021,تهران
3022,3022,(
3023,3023,پردیس
3024,3024,کرج
3025,3025,)
3026,3026,دانشگاه
3027,3027,هنر
3028,3028,(
3029,3029,پردیس
3030,3030,کرج
3031,3031,)
3032,3032,دانشگاه
3033,3033,جامع
3034,3034,علمی
3035,3035,کاربردی
3036,3036,(
3037,3037,واحد
3038,3038,کرج
3039,3039,)
3040,3040,دانشگاه
3041,3041,فنی
3042,3042,و
3043,3043,حرفه‌ای
3044,3044,(
3045,3045,آموزشکده
3046,3046,فنی
3047,3047,و
3048,3048,حرفهای
3049,3049,شهید
3050,3050,بهشتی
3051,3051,پسران
3052,3052,و
3053,3053,آموزشکده
3054,3054,فنی
3055,3055,و
3056,3056,حرفهای
3057,3057,دختران
3058,3058,)
3059,3059,وزارت
3060,3060,بهداشت
3061,3061,،
3062,3062,درمان
3063,3063,و
3064,3064,آموزش
3065,3065,پزشکی
3066,3066,دانشگاه
3067,3067,علوم
3068,3068,پزشکی
3069,3069,البرز
3070,3070,وزارت
3071,3071,آموزش
3072,3072,و
3073,3073,پرورش
3074,3074,دانشگاه
3075,3075,فرهنگیان
3076,3076,(
3077,3077,مرکز
3078,3078,تربیت
3079,3079,معلم
3080,3080,امیرکبیر
3081,3081,،
3082,3082,حکیم
3083,3083,ابوالقاسم
3084,3084,فردوسی
3085,3085,و
3086,3086,عترت
3087,3087,واوان
3088,3088,)
3089,3089,دیگر
3090,3090,وزارتخانه‌ها
3091,3091,و
3092,3092,دستگاه‌ها
3093,3093,آموزشکده
3094,3094,کشاورزی
3095,3095,کرج
3096,3096,دانشگاه
3097,3097,محیط
3098,3098,زیست
3099,3099,مرکز
3100,3100,تربیت
3101,3101,مربی
3102,3102,و
3103,3103,پژوهشهای
3104,3104,فنی
3105,3105,و
3106,3106,حرفهای
3107,3107,کرج
3108,3108,آموزش
3109,3109,از
3110,3110,راه
3111,3111,دور
3112,3112,دانشگاه
3113,3113,پیام
3114,3114,نور
3115,3115,کرج
3116,3116,•
3117,3117,اشتهارد
3118,3118,•
3119,3119,طالقان
3120,3120,•
3121,3121,گرمدره
3122,3122,•
3123,3123,نظرآباد
3124,3124,•
3125,3125,ماهدشت
3126,3126,•
3127,3127,هشتگرد
3128,3128,غیردولتی
3129,3129,آزاد
3130,3130,اسلامی
3131,3131,کرج
3132,3132,•
3133,3133,نظرآباد
3134,3134,•
3135,3135,هشتگرد
3136,3136,•
3137,3137,طالقان
3138,3138,سما
3139,3139,:
3140,3140,کرج
3141,3141,غیرانتفاعی
3142,3142,دانشگاه
3143,3143,هنر
3144,3144,رسام
3145,3145,برگرفته
3146,3146,از
3147,3147,«
3148,3148,ردهها
3149,3149,:
3150,3150,آموزش
3151,3151,در
3152,3152,استان
3153,3153,البرز
3154,3154,آموزش
3155,3155,و
3156,3156,پرورش
3157,3157,در
3158,3158,تهران
3159,3159,دانشگاههای
3160,3160,ایران
3161,3161,دانشگاههای
3162,3162,کرج
3163,3163,ساختمانها
3164,3164,و
3165,3165,سازهها
3166,3166,در
3167,3167,استان
3168,3168,البرز
3169,3169,واحدهای
3170,3170,دانشگاه
3171,3171,آزاد
3172,3172,اسلامی
3173,3173,ردههای
3174,3174,پنهان
3175,3175,:
3176,3176,مقالات
3177,3177,دارای
3178,3178,جعبه
3179,3179,اطلاعات
3180,3180,مختصات
3181,3181,در
3182,3182,ویکیداده
